﻿<?xml version="1.0" encoding="utf-8" standalone="yes"?>
<paamelding stevnenavn="Landsdelskretsstevne Nord-Norge 2018" stevnenummer="180210" arrangor="10584" stevnestart="27.06.2018" stevneslutt="30.06.2018">
  <ovelse id="FE" hold="Fin felt" stang="0" felthurtig="0" minne="0">
    <lag navn="" lagnr="1" dato="29.06.2018" kl-skytetid="08:00" kl-opprop="07:40" />
    <lag navn="" lagnr="2" dato="29.06.2018" kl-skytetid="08:30" kl-opprop="08:10" />
    <lag navn="" lagnr="3" dato="29.06.2018" kl-skytetid="09:00" kl-opprop="08:40" />
    <lag navn="" lagnr="4" dato="29.06.2018" kl-skytetid="09:30" kl-opprop="09:10" />
    <lag navn="" lagnr="5" dato="29.06.2018" kl-skytetid="10:00" kl-opprop="09:40" />
    <lag navn="" lagnr="6" dato="29.06.2018" kl-skytetid="10:30" kl-opprop="10:10" />
    <lag navn="" lagnr="7" dato="29.06.2018" kl-skytetid="11:00" kl-opprop="10:40" />
    <lag navn="" lagnr="8" dato="29.06.2018" kl-skytetid="11:30" kl-opprop="11:10" />
    <lag navn="" lagnr="9" dato="29.06.2018" kl-skytetid="12:00" kl-opprop="11:40" />
    <lag navn="" lagnr="10" dato="29.06.2018" kl-skytetid="12:30" kl-opprop="12:10" />
    <lag navn="" lagnr="11" dato="29.06.2018" kl-skytetid="13:00" kl-opprop="12:40" />
    <lag navn="" lagnr="12" dato="29.06.2018" kl-skytetid="13:30" kl-opprop="13:10" />
    <lag navn="" lagnr="13" dato="29.06.2018" kl-skytetid="14:00" kl-opprop="13:40" />
    <lag navn="" lagnr="14" dato="29.06.2018" kl-skytetid="14:30" kl-opprop="14:10" />
    <lag navn="" lagnr="15" dato="29.06.2018" kl-skytetid="15:00" kl-opprop="14:40" />
	<lag navn="" lagnr="16" dato="29.06.2018" kl-skytetid="15:30" kl-opprop="15:10" />
    <paamelding-skytter lag="1" skive="1" medlemsid="2668739" fornavn="Jan Ivar" etternavn="Brunes" sklag-nr="10587" epost="" fdato="01011985" endeskive="Nei" LS_ovelse="KUR" klasse="2" klasse-felt="" klasse-skogslop="" kat-mf="0" kat-mb="0" kat-k="0" kat-l="0" kat-a="0" kat-n="0" kat-ft="" kat-22="0" kat-luft="0" gruppe="" />
    <paamelding-skytter lag="1" skive="2" medlemsid="2359107" fornavn="Marit Anita" etternavn="Westgård" sklag-nr="10597" epost="marit.westgard@sks.no" fdato="10041976" endeskive="Nei" LS_ovelse="KUR" klasse="2" klasse-felt="" klasse-skogslop="" kat-mf="0" kat-mb="0" kat-k="1" kat-l="0" kat-a="0" kat-n="0" kat-ft="" kat-22="0" kat-luft="0" gruppe="" />
    <paamelding-skytter lag="1" skive="3" medlemsid="1652304" fornavn="Jan Peter" etternavn="Ysland" sklag-nr="10584" epost="Jp.ysland@me.com" fdato="12031966" endeskive="Nei" LS_ovelse="KUR" klasse="2" klasse-felt="" klasse-skogslop="" kat-mf="0" kat-mb="0" kat-k="0" kat-l="0" kat-a="0" kat-n="0" kat-ft="" kat-22="0" kat-luft="0" gruppe="" />
    <paamelding-skytter lag="1" skive="4" medlemsid="1612738" fornavn="Dag Rune" etternavn="Karlsen" sklag-nr="10844" epost="dag.rune.karlsen@vkbb.no" fdato="19081964" endeskive="Nei" LS_ovelse="KUR" klasse="2" klasse-felt="" klasse-skogslop="" kat-mf="0" kat-mb="0" kat-k="0" kat-l="0" kat-a="0" kat-n="0" kat-ft="" kat-22="0" kat-luft="0" gruppe="" />
    <paamelding-skytter lag="1" skive="5" medlemsid="1591221" fornavn="May Helen" etternavn="Steinfjell" sklag-nr="10508" epost="May.Helen.Steinfjell@hotmail.com" fdato="18041965" endeskive="Nei" LS_ovelse="LSA" klasse="2" klasse-felt="" klasse-skogslop="" kat-mf="0" kat-mb="0" kat-k="1" kat-l="0" kat-a="0" kat-n="0" kat-ft="" kat-22="0" kat-luft="0" gruppe="" />
    <paamelding-skytter lag="1" skive="6" medlemsid="1414648" fornavn="Harald" etternavn="Rødal" sklag-nr="10499" epost="" fdato="04071946" endeskive="Nei" LS_ovelse="LSA" klasse="2" klasse-felt="" klasse-skogslop="" kat-mf="0" kat-mb="0" kat-k="0" kat-l="0" kat-a="0" kat-n="0" kat-ft="" kat-22="0" kat-luft="0" gruppe="" />
    <paamelding-skytter lag="1" skive="7" medlemsid="1180090" fornavn="Oddbjørn" etternavn="Kjellbakk" sklag-nr="10587" epost="killbakk@gmail.com" fdato="12081968" endeskive="Nei" LS_ovelse="LSA" klasse="2" klasse-felt="" klasse-skogslop="" kat-mf="0" kat-mb="0" kat-k="0" kat-l="0" kat-a="0" kat-n="0" kat-ft="" kat-22="0" kat-luft="0" gruppe="" />
    <paamelding-skytter lag="1" skive="8" medlemsid="2257590" fornavn="Kevin" etternavn="Nystad" sklag-nr="10846" epost="kevnys@hotmail.com" fdato="09041978" endeskive="Nei" LS_ovelse="KUR" klasse="2" klasse-felt="" klasse-skogslop="" kat-mf="0" kat-mb="0" kat-k="0" kat-l="0" kat-a="0" kat-n="0" kat-ft="" kat-22="0" kat-luft="0" gruppe="" />
    <paamelding-skytter lag="1" skive="9" medlemsid="1654854" fornavn="Merethe" etternavn="Brunes" sklag-nr="10584" epost="mebrun@online.no" fdato="21051966" endeskive="Nei" LS_ovelse="LSA" klasse="2" klasse-felt="" klasse-skogslop="" kat-mf="0" kat-mb="0" kat-k="1" kat-l="0" kat-a="0" kat-n="0" kat-ft="" kat-22="0" kat-luft="0" gruppe="" />
    <paamelding-skytter lag="1" skive="10" medlemsid="367656" fornavn="Herdis" etternavn="Berntsen" sklag-nr="10733" epost="herdisberntsen@hotmail.com" fdato="31011964" endeskive="Nei" LS_ovelse="KUR" klasse="2" klasse-felt="" klasse-skogslop="" kat-mf="0" kat-mb="0" kat-k="1" kat-l="0" kat-a="0" kat-n="0" kat-ft="" kat-22="0" kat-luft="0" gruppe="" />
    <paamelding-skytter lag="1" skive="11" medlemsid="549329" fornavn="Terje" etternavn="Henriksen" sklag-nr="10455" epost="hterje@hotmail.com" fdato="08021982" endeskive="Nei" LS_ovelse="KUR" klasse="2" klasse-felt="" klasse-skogslop="" kat-mf="0" kat-mb="0" kat-k="0" kat-l="0" kat-a="0" kat-n="0" kat-ft="" kat-22="0" kat-luft="0" gruppe="" />
    <paamelding-skytter lag="1" skive="12" medlemsid="550228" fornavn="Heidi" etternavn="Karolius" sklag-nr="10455" epost="heidi.karolius@gmail.com" fdato="06021974" endeskive="Nei" LS_ovelse="KUR" klasse="2" klasse-felt="" klasse-skogslop="" kat-mf="0" kat-mb="0" kat-k="1" kat-l="0" kat-a="0" kat-n="0" kat-ft="" kat-22="0" kat-luft="0" gruppe="" />
    <paamelding-skytter lag="1" skive="13" medlemsid="605840" fornavn="Helge" etternavn="Jørgensen" sklag-nr="10728" epost="h.jorgensen@combitel.no" fdato="05011956" endeskive="Nei" LS_ovelse="LSA" klasse="2" klasse-felt="" klasse-skogslop="" kat-mf="0" kat-mb="0" kat-k="0" kat-l="0" kat-a="0" kat-n="0" kat-ft="" kat-22="0" kat-luft="0" gruppe="" />
    <paamelding-skytter lag="1" skive="14" medlemsid="1279710" fornavn="Jim Arne" etternavn="Vikestad" sklag-nr="10843" epost="jimvik@start.no" fdato="25061967" endeskive="Nei" LS_ovelse="LSA" klasse="2" klasse-felt="" klasse-skogslop="" kat-mf="0" kat-mb="0" kat-k="0" kat-l="0" kat-a="0" kat-n="0" kat-ft="" kat-22="0" kat-luft="0" gruppe="" />
    <paamelding-skytter lag="1" skive="15" medlemsid="1652007" fornavn="Nina Iren" etternavn="Jensen" sklag-nr="10584" epost="nina.iren.jensen@wideroe.no" fdato="01011967" endeskive="Nei" LS_ovelse="KUR" klasse="2" klasse-felt="" klasse-skogslop="" kat-mf="0" kat-mb="0" kat-k="1" kat-l="0" kat-a="0" kat-n="0" kat-ft="" kat-22="0" kat-luft="0" gruppe="" />
    <paamelding-skytter lag="1" skive="16" medlemsid="1572320" fornavn="Nils Andreas Olli" etternavn="Eira" sklag-nr="10849" epost="" fdato="01011998" endeskive="Nei" LS_ovelse="LSA" klasse="2" klasse-felt="" klasse-skogslop="" kat-mf="0" kat-mb="0" kat-k="0" kat-l="0" kat-a="0" kat-n="0" kat-ft="" kat-22="0" kat-luft="0" gruppe="" />
    <paamelding-skytter lag="1" skive="17" medlemsid="1491844" fornavn="Tiril" etternavn="Lundnes" sklag-nr="10734" epost="tirilolsen123@hotmail.com" fdato="13122000" endeskive="Nei" LS_ovelse="LSA" klasse="2" klasse-felt="" klasse-skogslop="" kat-mf="0" kat-mb="0" kat-k="1" kat-l="0" kat-a="0" kat-n="0" kat-ft="" kat-22="0" kat-luft="0" gruppe="" />
    <paamelding-skytter lag="1" skive="18" medlemsid="1046259" fornavn="Bjørnar" etternavn="Eriksen" sklag-nr="10753" epost="bj-e2@online.no" fdato="26061972" endeskive="Nei" LS_ovelse="LSA" klasse="2" klasse-felt="" klasse-skogslop="" kat-mf="0" kat-mb="0" kat-k="0" kat-l="0" kat-a="0" kat-n="0" kat-ft="" kat-22="0" kat-luft="0" gruppe="" />
    <paamelding-skytter lag="1" skive="19" medlemsid="602953" fornavn="Kjell Ole" etternavn="Jørgensen" sklag-nr="10728" epost="ko-joerg@online.no" fdato="24061955" endeskive="Nei" LS_ovelse="KUR" klasse="2" klasse-felt="" klasse-skogslop="" kat-mf="0" kat-mb="0" kat-k="0" kat-l="0" kat-a="0" kat-n="0" kat-ft="" kat-22="0" kat-luft="0" gruppe="" />
    <paamelding-skytter lag="1" skive="20" medlemsid="1730035" fornavn="Sondre" etternavn="Arild-Hanssen" sklag-nr="10733" epost="sondreah@me.com" fdato="02041998" endeskive="Nei" LS_ovelse="KUR" klasse="2" klasse-felt="" klasse-skogslop="" kat-mf="0" kat-mb="0" kat-k="0" kat-l="1" kat-a="0" kat-n="0" kat-ft="" kat-22="0" kat-luft="0" gruppe="" />
    <paamelding-skytter lag="2" skive="1" medlemsid="1915339" fornavn="Elin J." etternavn="Mortensen" sklag-nr="10840" epost="ejm@online.no" fdato="11061972" endeskive="Nei" LS_ovelse="LSA" klasse="2" klasse-felt="" klasse-skogslop="" kat-mf="0" kat-mb="0" kat-k="1" kat-l="0" kat-a="0" kat-n="0" kat-ft="" kat-22="0" kat-luft="0" gruppe="" />
    <paamelding-skytter lag="2" skive="2" medlemsid="1779180" fornavn="Anne Grethe" etternavn="Lund" sklag-nr="10592" epost="lund.anne.g@gmail.com" fdato="18021964" endeskive="Nei" LS_ovelse="LSA" klasse="2" klasse-felt="" klasse-skogslop="" kat-mf="0" kat-mb="0" kat-k="1" kat-l="0" kat-a="0" kat-n="0" kat-ft="" kat-22="0" kat-luft="0" gruppe="" />
    <paamelding-skytter lag="2" skive="3" medlemsid="1651850" fornavn="Inger Johanne" etternavn="Haabet" sklag-nr="10584" epost="ijhaabet@hotmail.com" fdato="28071967" endeskive="Nei" LS_ovelse="KUR" klasse="2" klasse-felt="" klasse-skogslop="" kat-mf="0" kat-mb="0" kat-k="1" kat-l="0" kat-a="0" kat-n="0" kat-ft="" kat-22="0" kat-luft="0" gruppe="" />
    <paamelding-skytter lag="2" skive="4" medlemsid="1005545" fornavn="Mona" etternavn="Forseth" sklag-nr="10754" epost="Mona.forseth@gmail.com" fdato="21041969" endeskive="Nei" LS_ovelse="LSA" klasse="2" klasse-felt="" klasse-skogslop="" kat-mf="0" kat-mb="0" kat-k="1" kat-l="0" kat-a="0" kat-n="0" kat-ft="" kat-22="0" kat-luft="0" gruppe="" />
    <paamelding-skytter lag="2" skive="5" medlemsid="1481928" fornavn="Jorunn" etternavn="Mjåland" sklag-nr="10853" epost="jorumj@online.no" fdato="30061972" endeskive="Nei" LS_ovelse="KUR" klasse="2" klasse-felt="" klasse-skogslop="" kat-mf="0" kat-mb="0" kat-k="1" kat-l="0" kat-a="0" kat-n="0" kat-ft="" kat-22="0" kat-luft="0" gruppe="" />
    <paamelding-skytter lag="2" skive="6" medlemsid="722678" fornavn="Tor Olav" etternavn="Gravrok" sklag-nr="10733" epost="tor.o.grav@gmail.com" fdato="20071969" endeskive="Nei" LS_ovelse="LSA" klasse="2" klasse-felt="" klasse-skogslop="" kat-mf="0" kat-mb="0" kat-k="0" kat-l="0" kat-a="0" kat-n="0" kat-ft="" kat-22="0" kat-luft="0" gruppe="" />
    <paamelding-skytter lag="2" skive="7" medlemsid="968297" fornavn="Tor Hugo" etternavn="Ekran" sklag-nr="10845" epost="tor.hugo.ekran@vkbb.no" fdato="27111964" endeskive="Nei" LS_ovelse="LSA" klasse="2" klasse-felt="" klasse-skogslop="" kat-mf="0" kat-mb="0" kat-k="0" kat-l="0" kat-a="0" kat-n="0" kat-ft="" kat-22="0" kat-luft="0" gruppe="" />
    <paamelding-skytter lag="2" skive="8" medlemsid="2316503" fornavn="Solfrid" etternavn="Ramberg" sklag-nr="10749" epost="solfridramberg@ymail.com" fdato="06031989" endeskive="Nei" LS_ovelse="KUR" klasse="2" klasse-felt="" klasse-skogslop="" kat-mf="0" kat-mb="0" kat-k="1" kat-l="0" kat-a="0" kat-n="0" kat-ft="" kat-22="0" kat-luft="0" gruppe="" />
    <paamelding-skytter lag="2" skive="9" medlemsid="1977545" fornavn="Arnt" etternavn="Eliassen" sklag-nr="10752" epost="Arnt.eliassen@gmail.com" fdato="25021974" endeskive="Nei" LS_ovelse="KUR" klasse="2" klasse-felt="" klasse-skogslop="" kat-mf="0" kat-mb="0" kat-k="0" kat-l="0" kat-a="0" kat-n="0" kat-ft="" kat-22="0" kat-luft="0" gruppe="" />
    <paamelding-skytter lag="2" skive="10" medlemsid="1180066" fornavn="Truls" etternavn="Hansen" sklag-nr="10587" epost="Truls.hansen@cermaq.com" fdato="15061973" endeskive="Nei" LS_ovelse="KUR" klasse="2" klasse-felt="" klasse-skogslop="" kat-mf="0" kat-mb="0" kat-k="0" kat-l="0" kat-a="0" kat-n="0" kat-ft="" kat-22="0" kat-luft="0" gruppe="" />
    <paamelding-skytter lag="2" skive="11" medlemsid="1779313" fornavn="Erik" etternavn="Hugås" sklag-nr="10592" epost="erik@finneidsveis.no" fdato="04101968" endeskive="Nei" LS_ovelse="LSA" klasse="2" klasse-felt="" klasse-skogslop="" kat-mf="0" kat-mb="0" kat-k="0" kat-l="0" kat-a="0" kat-n="0" kat-ft="" kat-22="0" kat-luft="0" gruppe="" />
    <paamelding-skytter lag="2" skive="12" medlemsid="1199967" fornavn="Arild" etternavn="Johnsen" sklag-nr="10739" epost="arild.jonsen@gmail.com" fdato="20061951" endeskive="Nei" LS_ovelse="LSA" klasse="2" klasse-felt="" klasse-skogslop="" kat-mf="0" kat-mb="0" kat-k="0" kat-l="0" kat-a="0" kat-n="0" kat-ft="" kat-22="0" kat-luft="0" gruppe="" />
    <paamelding-skytter lag="2" skive="13" medlemsid="1438530" fornavn="Britt Elin W" etternavn="Rabben" sklag-nr="10841" epost="britt-elin@vkbb.no" fdato="03061965" endeskive="Nei" LS_ovelse="LSA" klasse="2" klasse-felt="" klasse-skogslop="" kat-mf="0" kat-mb="0" kat-k="1" kat-l="0" kat-a="0" kat-n="0" kat-ft="" kat-22="0" kat-luft="0" gruppe="" />
    <paamelding-skytter lag="2" skive="14" medlemsid="375717" fornavn="Trond" etternavn="Haugbakken" sklag-nr="10811" epost="" fdato="25101974" endeskive="Nei" LS_ovelse="KUR" klasse="2" klasse-felt="" klasse-skogslop="" kat-mf="0" kat-mb="0" kat-k="0" kat-l="0" kat-a="0" kat-n="0" kat-ft="" kat-22="0" kat-luft="0" gruppe="" />
    <paamelding-skytter lag="2" skive="15" medlemsid="1367283" fornavn="Arnfinn" etternavn="Johansen" sklag-nr="10591" epost="arnfinn.johansen@sbnett.no" fdato="01051955" endeskive="Nei" LS_ovelse="KUR" klasse="2" klasse-felt="" klasse-skogslop="" kat-mf="0" kat-mb="0" kat-k="0" kat-l="0" kat-a="0" kat-n="0" kat-ft="" kat-22="0" kat-luft="0" gruppe="" />
    <paamelding-skytter lag="2" skive="16" medlemsid="1779016" fornavn="Espen" etternavn="Setså" sklag-nr="10592" epost="espen.setsaa@sbnett.no" fdato="26021970" endeskive="Nei" LS_ovelse="KUR" klasse="2" klasse-felt="" klasse-skogslop="" kat-mf="0" kat-mb="0" kat-k="0" kat-l="0" kat-a="0" kat-n="0" kat-ft="" kat-22="0" kat-luft="0" gruppe="" />
    <paamelding-skytter lag="2" skive="17" medlemsid="1014091" fornavn="Stein Are" etternavn="Nøstvik" sklag-nr="10725" epost="sanostvik@gmail.com" fdato="26111965" endeskive="Nei" LS_ovelse="LSA" klasse="2" klasse-felt="" klasse-skogslop="" kat-mf="0" kat-mb="0" kat-k="0" kat-l="0" kat-a="0" kat-n="0" kat-ft="" kat-22="0" kat-luft="0" gruppe="" />
    <paamelding-skytter lag="2" skive="18" medlemsid="1779438" fornavn="Ståle" etternavn="Indregård" sklag-nr="10592" epost="stale@helgelandinvest.no" fdato="11021972" endeskive="Nei" LS_ovelse="LSA" klasse="2" klasse-felt="" klasse-skogslop="" kat-mf="0" kat-mb="0" kat-k="0" kat-l="0" kat-a="0" kat-n="0" kat-ft="" kat-22="0" kat-luft="0" gruppe="" />
    <paamelding-skytter lag="2" skive="19" medlemsid="2182509" fornavn="Steinar" etternavn="Vollan" sklag-nr="10842" epost="steinar.vollan@gmail.com" fdato="20111963" endeskive="Nei" LS_ovelse="KUR" klasse="2" klasse-felt="" klasse-skogslop="" kat-mf="0" kat-mb="0" kat-k="0" kat-l="0" kat-a="0" kat-n="0" kat-ft="" kat-22="0" kat-luft="0" gruppe="" />
    <paamelding-skytter lag="2" skive="20" medlemsid="2094985" fornavn="Julie Simonette" etternavn="Lian" sklag-nr="10584" epost="julieslian@gmail.com" fdato="20091994" endeskive="Nei" LS_ovelse="KUR" klasse="2" klasse-felt="" klasse-skogslop="" kat-mf="0" kat-mb="0" kat-k="1" kat-l="0" kat-a="0" kat-n="0" kat-ft="" kat-22="0" kat-luft="0" gruppe="" />
    <paamelding-skytter lag="3" skive="1" medlemsid="1569987" fornavn="Kurt" etternavn="Maurstad" sklag-nr="10849" epost="kurt.maurstad@karasjok.kommune.no" fdato="17111960" endeskive="Nei" LS_ovelse="LSA" klasse="2" klasse-felt="" klasse-skogslop="" kat-mf="0" kat-mb="0" kat-k="0" kat-l="0" kat-a="0" kat-n="0" kat-ft="" kat-22="0" kat-luft="0" gruppe="" />
    <paamelding-skytter lag="3" skive="2" medlemsid="1046333" fornavn="Kurt Tore" etternavn="Paulsen" sklag-nr="10753" epost="kurt.paulsen@kraftlaget.no" fdato="12041970" endeskive="Nei" LS_ovelse="KUR" klasse="2" klasse-felt="" klasse-skogslop="" kat-mf="0" kat-mb="0" kat-k="0" kat-l="0" kat-a="0" kat-n="0" kat-ft="" kat-22="0" kat-luft="0" gruppe="" />
    <paamelding-skytter lag="3" skive="3" medlemsid="2398626" fornavn="Ivar" etternavn="Eira" sklag-nr="10853" epost="ivar@elektrikeren.as" fdato="21121981" endeskive="Nei" LS_ovelse="KUR" klasse="2" klasse-felt="" klasse-skogslop="" kat-mf="0" kat-mb="0" kat-k="0" kat-l="0" kat-a="0" kat-n="0" kat-ft="" kat-22="0" kat-luft="0" gruppe="" />
    <paamelding-skytter lag="3" skive="4" medlemsid="1491729" fornavn="Eva Sollie" etternavn="Nyheim" sklag-nr="10734" epost="eva_sollie68@hotmail.com" fdato="10111968" endeskive="Nei" LS_ovelse="KUR" klasse="2" klasse-felt="" klasse-skogslop="" kat-mf="0" kat-mb="0" kat-k="1" kat-l="0" kat-a="0" kat-n="0" kat-ft="" kat-22="0" kat-luft="0" gruppe="" />
    <paamelding-skytter lag="3" skive="5" medlemsid="1255421" fornavn="Eva" etternavn="Rubbås-Risvik" sklag-nr="10749" epost="evarubbas@gmail.com" fdato="05061965" endeskive="Nei" LS_ovelse="KUR" klasse="2" klasse-felt="" klasse-skogslop="" kat-mf="0" kat-mb="0" kat-k="1" kat-l="0" kat-a="0" kat-n="0" kat-ft="" kat-22="0" kat-luft="0" gruppe="" />
    <paamelding-skytter lag="3" skive="6" medlemsid="1470905" fornavn="Eva" etternavn="Henriksen" sklag-nr="10744" epost="eva.p.hen@outlook.com" fdato="06021953" endeskive="Nei" LS_ovelse="LSA" klasse="2" klasse-felt="" klasse-skogslop="" kat-mf="0" kat-mb="0" kat-k="1" kat-l="0" kat-a="0" kat-n="0" kat-ft="" kat-22="0" kat-luft="0" gruppe="" />
    <paamelding-skytter lag="3" skive="7" medlemsid="2507465" fornavn="Owe" etternavn="Johansen" sklag-nr="10584" epost="owejoha@gmail.com" fdato="31011983" endeskive="Nei" LS_ovelse="KUR" klasse="2" klasse-felt="" klasse-skogslop="" kat-mf="0" kat-mb="0" kat-k="0" kat-l="0" kat-a="0" kat-n="0" kat-ft="" kat-22="0" kat-luft="0" gruppe="" />
    <paamelding-skytter lag="3" skive="8" medlemsid="2423531" fornavn="Øyvind" etternavn="Langø" sklag-nr="10816" epost="oyvindlango@gmail.com" fdato="09121972" endeskive="Nei" LS_ovelse="LSA" klasse="2" klasse-felt="" klasse-skogslop="" kat-mf="0" kat-mb="0" kat-k="0" kat-l="0" kat-a="0" kat-n="0" kat-ft="" kat-22="0" kat-luft="0" gruppe="" />
    <paamelding-skytter lag="3" skive="9" medlemsid="1502707" fornavn="Günther" etternavn="Haas" sklag-nr="10801" epost="haasgunther@hotmail.com" fdato="11041971" endeskive="Nei" LS_ovelse="KUR" klasse="2" klasse-felt="" klasse-skogslop="" kat-mf="0" kat-mb="0" kat-k="0" kat-l="0" kat-a="0" kat-n="0" kat-ft="" kat-22="0" kat-luft="0" gruppe="" />
    <paamelding-skytter lag="3" skive="10" medlemsid="2015121" fornavn="Håvard" etternavn="Holmebukt" sklag-nr="10734" epost="hho40@hotmail.com" fdato="07031973" endeskive="Nei" LS_ovelse="LSA" klasse="2" klasse-felt="" klasse-skogslop="" kat-mf="0" kat-mb="0" kat-k="0" kat-l="0" kat-a="0" kat-n="0" kat-ft="" kat-22="0" kat-luft="0" gruppe="" />
    <paamelding-skytter lag="4" skive="1" medlemsid="1654979" fornavn="Berit Pauline" etternavn="Pedersen" sklag-nr="10584" epost="berped@nfk.no" fdato="06081963" endeskive="Nei" LS_ovelse="LSA" klasse="1" klasse-felt="" klasse-skogslop="" kat-mf="0" kat-mb="0" kat-k="1" kat-l="0" kat-a="0" kat-n="0" kat-ft="" kat-22="0" kat-luft="0" gruppe="" />
    <paamelding-skytter lag="4" skive="2" medlemsid="2461697" fornavn="Helene" etternavn="Enoksen" sklag-nr="10843" epost="heleneenoksen@epost.no" fdato="22071964" endeskive="Nei" LS_ovelse="LSA" klasse="1" klasse-felt="" klasse-skogslop="" kat-mf="0" kat-mb="0" kat-k="1" kat-l="0" kat-a="0" kat-n="0" kat-ft="" kat-22="0" kat-luft="0" gruppe="" />
    <paamelding-skytter lag="4" skive="3" medlemsid="1180934" fornavn="Thea" etternavn="Solberg Hansen" sklag-nr="10587" epost="" fdato="08052001" endeskive="Nei" LS_ovelse="KUR" klasse="1" klasse-felt="" klasse-skogslop="" kat-mf="0" kat-mb="0" kat-k="1" kat-l="0" kat-a="0" kat-n="0" kat-ft="" kat-22="0" kat-luft="0" gruppe="" />
    <paamelding-skytter lag="4" skive="4" medlemsid="1418722" fornavn="Gisle" etternavn="Hoff" sklag-nr="10462" epost="gi-hoff@online.no" fdato="02051959" endeskive="Nei" LS_ovelse="KUR" klasse="1" klasse-felt="" klasse-skogslop="" kat-mf="0" kat-mb="0" kat-k="0" kat-l="0" kat-a="0" kat-n="0" kat-ft="" kat-22="0" kat-luft="0" gruppe="" />
    <paamelding-skytter lag="4" skive="5" medlemsid="1779172" fornavn="Sissel" etternavn="Setså" sklag-nr="10592" epost="sissel.setsaa@signalbox.no" fdato="16061970" endeskive="Nei" LS_ovelse="KUR" klasse="1" klasse-felt="" klasse-skogslop="" kat-mf="0" kat-mb="0" kat-k="1" kat-l="0" kat-a="0" kat-n="0" kat-ft="" kat-22="0" kat-luft="0" gruppe="" />
    <paamelding-skytter lag="4" skive="6" medlemsid="2633659" fornavn="Einar" etternavn="Spillum" sklag-nr="10584" epost="einardomaas@hotmail.com" fdato="27111971" endeskive="Nei" LS_ovelse="KUR" klasse="1" klasse-felt="" klasse-skogslop="" kat-mf="0" kat-mb="0" kat-k="0" kat-l="0" kat-a="0" kat-n="0" kat-ft="" kat-22="0" kat-luft="0" gruppe="" />
    <paamelding-skytter lag="4" skive="7" medlemsid="1779008" fornavn="Bjørn" etternavn="Skoglund" sklag-nr="10592" epost="bjorn.skoglund@fauske.kommune.no" fdato="11031966" endeskive="Nei" LS_ovelse="KUR" klasse="1" klasse-felt="" klasse-skogslop="" kat-mf="0" kat-mb="0" kat-k="0" kat-l="0" kat-a="0" kat-n="0" kat-ft="" kat-22="0" kat-luft="0" gruppe="" />
    <paamelding-skytter lag="4" skive="8" medlemsid="1608264" fornavn="Knut Arne" etternavn="Blomseth" sklag-nr="10733" epost="k-blomse@online.no" fdato="02081963" endeskive="Nei" LS_ovelse="LSA" klasse="1" klasse-felt="" klasse-skogslop="" kat-mf="0" kat-mb="0" kat-k="0" kat-l="0" kat-a="0" kat-n="0" kat-ft="" kat-22="0" kat-luft="0" gruppe="" />
    <paamelding-skytter lag="4" skive="9" medlemsid="2145670" fornavn="Andre" etternavn="Kristoffersen" sklag-nr="10583" epost="andre@wework.no" fdato="01051969" endeskive="Nei" LS_ovelse="KUR" klasse="1" klasse-felt="" klasse-skogslop="" kat-mf="0" kat-mb="0" kat-k="0" kat-l="0" kat-a="0" kat-n="0" kat-ft="" kat-22="0" kat-luft="0" gruppe="" />
    <paamelding-skytter lag="4" skive="10" medlemsid="2425304" fornavn="Knut Øystein" etternavn="Freng" sklag-nr="10584" epost="knut.freng@gmail.com" fdato="15021972" endeskive="Nei" LS_ovelse="KUR" klasse="1" klasse-felt="" klasse-skogslop="" kat-mf="0" kat-mb="0" kat-k="0" kat-l="0" kat-a="0" kat-n="0" kat-ft="" kat-22="0" kat-luft="0" gruppe="" />
    <paamelding-skytter lag="4" skive="11" medlemsid="2568541" fornavn="Anders" etternavn="Hansen" sklag-nr="10587" epost="" fdato="01011992" endeskive="Nei" LS_ovelse="KUR" klasse="1" klasse-felt="" klasse-skogslop="" kat-mf="0" kat-mb="0" kat-k="0" kat-l="0" kat-a="0" kat-n="0" kat-ft="" kat-22="0" kat-luft="0" gruppe="" />
    <paamelding-skytter lag="4" skive="12" medlemsid="2584852" fornavn="Ingrid" etternavn="Hansen" sklag-nr="10587" epost="ingrha@online.no" fdato="03061984" endeskive="Nei" LS_ovelse="LSF" klasse="1" klasse-felt="" klasse-skogslop="" kat-mf="0" kat-mb="0" kat-k="1" kat-l="0" kat-a="0" kat-n="0" kat-ft="" kat-22="0" kat-luft="0" gruppe="" />
    <paamelding-skytter lag="4" skive="13" medlemsid="894477" fornavn="Joakim" etternavn="Andersen" sklag-nr="10843" epost="" fdato="16011998" endeskive="Nei" LS_ovelse="KUR" klasse="1" klasse-felt="" klasse-skogslop="" kat-mf="0" kat-mb="0" kat-k="0" kat-l="0" kat-a="0" kat-n="0" kat-ft="" kat-22="0" kat-luft="0" gruppe="" />
    <paamelding-skytter lag="4" skive="14" medlemsid="1549625" fornavn="Roy" etternavn="Nordheim" sklag-nr="10507" epost="roy.nordheim@gmail.com" fdato="29021968" endeskive="Nei" LS_ovelse="KUR" klasse="1" klasse-felt="" klasse-skogslop="" kat-mf="0" kat-mb="0" kat-k="0" kat-l="0" kat-a="0" kat-n="0" kat-ft="" kat-22="0" kat-luft="0" gruppe="" />
    <paamelding-skytter lag="4" skive="15" medlemsid="2351328" fornavn="Åse Irene" etternavn="Nordås" sklag-nr="10754" epost="aire.nor@gmail.com" fdato="22061979" endeskive="Nei" LS_ovelse="KUR" klasse="1" klasse-felt="" klasse-skogslop="" kat-mf="0" kat-mb="0" kat-k="1" kat-l="0" kat-a="0" kat-n="0" kat-ft="" kat-22="0" kat-luft="0" gruppe="" />
    <paamelding-skytter lag="4" skive="16" medlemsid="1180728" fornavn="Stian" etternavn="Simonsen" sklag-nr="10587" epost="Stian.simonsen@cermaq.com" fdato="01011972" endeskive="Nei" LS_ovelse="LSA" klasse="1" klasse-felt="" klasse-skogslop="" kat-mf="0" kat-mb="0" kat-k="0" kat-l="0" kat-a="0" kat-n="0" kat-ft="" kat-22="0" kat-luft="0" gruppe="" />
    <paamelding-skytter lag="5" skive="1" medlemsid="120923" fornavn="Jan Aksel" etternavn="Fredriksen" sklag-nr="10842" epost="janaksel58@gmail.com" fdato="25081958" endeskive="Nei" LS_ovelse="LSA" klasse="V55" klasse-felt="" klasse-skogslop="" kat-mf="0" kat-mb="0" kat-k="0" kat-l="0" kat-a="0" kat-n="0" kat-ft="" kat-22="0" kat-luft="0" gruppe="" />
    <paamelding-skytter lag="5" skive="2" medlemsid="1652031" fornavn="Magnus" etternavn="Lund" sklag-nr="10584" epost="lundmagnus89@gmail.com" fdato="27101948" endeskive="Nei" LS_ovelse="KUR" klasse="V55" klasse-felt="" klasse-skogslop="" kat-mf="0" kat-mb="0" kat-k="0" kat-l="0" kat-a="0" kat-n="0" kat-ft="" kat-22="0" kat-luft="0" gruppe="" />
    <paamelding-skytter lag="5" skive="3" medlemsid="1042423" fornavn="Lars Daniel" etternavn="Isaksen" sklag-nr="10846" epost="ilarsdaniel@gmail.com" fdato="05021950" endeskive="Nei" LS_ovelse="LSA" klasse="V55" klasse-felt="" klasse-skogslop="" kat-mf="0" kat-mb="0" kat-k="0" kat-l="0" kat-a="0" kat-n="0" kat-ft="" kat-22="0" kat-luft="0" gruppe="" />
    <paamelding-skytter lag="5" skive="4" medlemsid="298778" fornavn="Jan Erik" etternavn="Eriksen" sklag-nr="10809" epost="j-eri-e@online.no" fdato="12071956" endeskive="Nei" LS_ovelse="LSA" klasse="V55" klasse-felt="" klasse-skogslop="" kat-mf="0" kat-mb="0" kat-k="0" kat-l="0" kat-a="0" kat-n="0" kat-ft="" kat-22="0" kat-luft="0" gruppe="" />
    <paamelding-skytter lag="5" skive="5" medlemsid="1005180" fornavn="Harry" etternavn="Bjerregaard" sklag-nr="10754" epost="gundeb@online.no" fdato="19041941" endeskive="Nei" LS_ovelse="KUR" klasse="V55" klasse-felt="" klasse-skogslop="" kat-mf="0" kat-mb="0" kat-k="0" kat-l="0" kat-a="0" kat-n="0" kat-ft="" kat-22="0" kat-luft="0" gruppe="" />
    <paamelding-skytter lag="5" skive="6" medlemsid="2242329" fornavn="Oddmund" etternavn="Eggum" sklag-nr="10470" epost="oddmundeggum@hotmail.com" fdato="03121957" endeskive="Nei" LS_ovelse="KUR" klasse="V55" klasse-felt="" klasse-skogslop="" kat-mf="0" kat-mb="0" kat-k="0" kat-l="0" kat-a="0" kat-n="0" kat-ft="" kat-22="0" kat-luft="0" gruppe="" />
    <paamelding-skytter lag="5" skive="7" medlemsid="545814" fornavn="Terje" etternavn="Mellem" sklag-nr="10455" epost="terje@mellem-motor.no" fdato="02081959" endeskive="Nei" LS_ovelse="KUR" klasse="V55" klasse-felt="" klasse-skogslop="" kat-mf="0" kat-mb="1" kat-k="0" kat-l="0" kat-a="0" kat-n="0" kat-ft="" kat-22="0" kat-luft="0" gruppe="" />
    <paamelding-skytter lag="5" skive="8" medlemsid="608943" fornavn="Bengt" etternavn="Johnsen" sklag-nr="10733" epost="bengt@vollstad.com" fdato="08041952" endeskive="Nei" LS_ovelse="KUR" klasse="V55" klasse-felt="" klasse-skogslop="" kat-mf="0" kat-mb="1" kat-k="0" kat-l="0" kat-a="0" kat-n="0" kat-ft="" kat-22="0" kat-luft="0" gruppe="" />
    <paamelding-skytter lag="5" skive="9" medlemsid="1652197" fornavn="Terje" etternavn="Wassteig" sklag-nr="10584" epost="terje@wassteig.no" fdato="06031952" endeskive="Nei" LS_ovelse="KUR" klasse="V55" klasse-felt="" klasse-skogslop="" kat-mf="0" kat-mb="0" kat-k="0" kat-l="0" kat-a="0" kat-n="0" kat-ft="" kat-22="0" kat-luft="0" gruppe="" />
    <paamelding-skytter lag="5" skive="10" medlemsid="1624287" fornavn="Helge" etternavn="Helgesen" sklag-nr="10594" epost="helge.helgesen19@gmail.com" fdato="14091947" endeskive="Nei" LS_ovelse="KUR" klasse="V55" klasse-felt="" klasse-skogslop="" kat-mf="0" kat-mb="0" kat-k="0" kat-l="0" kat-a="0" kat-n="0" kat-ft="" kat-22="0" kat-luft="0" gruppe="" />
    <paamelding-skytter lag="5" skive="11" medlemsid="1042449" fornavn="Leif Olaf" etternavn="Simensen" sklag-nr="10846" epost="lheeils@online.no" fdato="21111948" endeskive="Nei" LS_ovelse="LSA" klasse="V55" klasse-felt="" klasse-skogslop="" kat-mf="0" kat-mb="0" kat-k="0" kat-l="0" kat-a="0" kat-n="0" kat-ft="" kat-22="0" kat-luft="0" gruppe="" />
    <paamelding-skytter lag="5" skive="12" medlemsid="1097963" fornavn="Terje" etternavn="Røstad" sklag-nr="10502" epost="terje.rostad@gmail.com" fdato="26021963" endeskive="Nei" LS_ovelse="LSA" klasse="V55" klasse-felt="" klasse-skogslop="" kat-mf="0" kat-mb="0" kat-k="0" kat-l="0" kat-a="0" kat-n="0" kat-ft="" kat-22="0" kat-luft="0" gruppe="" />
    <paamelding-skytter lag="5" skive="13" medlemsid="1548304" fornavn="Agnes" etternavn="Olsen" sklag-nr="10507" epost="agjolsen@online.no" fdato="23061955" endeskive="Nei" LS_ovelse="KUR" klasse="V55" klasse-felt="" klasse-skogslop="" kat-mf="0" kat-mb="0" kat-k="1" kat-l="0" kat-a="0" kat-n="0" kat-ft="" kat-22="0" kat-luft="0" gruppe="" />
    <paamelding-skytter lag="5" skive="14" medlemsid="1491752" fornavn="Birger" etternavn="Nyheim" sklag-nr="10734" epost="birger_nyheim@hotmail.com" fdato="06121961" endeskive="Nei" LS_ovelse="KUR" klasse="V55" klasse-felt="" klasse-skogslop="" kat-mf="0" kat-mb="0" kat-k="0" kat-l="0" kat-a="0" kat-n="0" kat-ft="" kat-22="0" kat-luft="0" gruppe="" />
    <paamelding-skytter lag="5" skive="15" medlemsid="996702" fornavn="Nils Erik" etternavn="Rognli" sklag-nr="10456" epost="nils.erik.rognli@hlkbb.no" fdato="16021947" endeskive="Nei" LS_ovelse="KUR" klasse="V55" klasse-felt="" klasse-skogslop="" kat-mf="0" kat-mb="0" kat-k="0" kat-l="0" kat-a="0" kat-n="0" kat-ft="" kat-22="0" kat-luft="0" gruppe="" />
    <paamelding-skytter lag="5" skive="16" medlemsid="1127000" fornavn="Einar" etternavn="Hansen" sklag-nr="10743" epost="einar.hansen52@gmail.com" fdato="09091952" endeskive="Nei" LS_ovelse="KUR" klasse="V55" klasse-felt="" klasse-skogslop="" kat-mf="0" kat-mb="0" kat-k="0" kat-l="0" kat-a="0" kat-n="0" kat-ft="" kat-22="0" kat-luft="0" gruppe="" />
    <paamelding-skytter lag="5" skive="17" medlemsid="1414747" fornavn="Bjørn Erik" etternavn="Andersson" sklag-nr="10499" epost="bjornerikandersson978@g.mail.com" fdato="01091955" endeskive="Nei" LS_ovelse="KUR" klasse="V55" klasse-felt="" klasse-skogslop="" kat-mf="0" kat-mb="0" kat-k="0" kat-l="0" kat-a="0" kat-n="0" kat-ft="" kat-22="0" kat-luft="0" gruppe="" />
    <paamelding-skytter lag="5" skive="18" medlemsid="1127547" fornavn="Bjørn Jonny" etternavn="Rognli" sklag-nr="10743" epost="bjornjonny@icloud.com" fdato="16081954" endeskive="Nei" LS_ovelse="KUR" klasse="V55" klasse-felt="" klasse-skogslop="" kat-mf="0" kat-mb="0" kat-k="0" kat-l="0" kat-a="0" kat-n="0" kat-ft="" kat-22="0" kat-luft="0" gruppe="" />
    <paamelding-skytter lag="5" skive="19" medlemsid="978130" fornavn="Ingolf" etternavn="Mortensen" sklag-nr="10752" epost="ingolf.mortensen@tromso.kommune.no" fdato="04071951" endeskive="Nei" LS_ovelse="KUR" klasse="V55" klasse-felt="" klasse-skogslop="" kat-mf="0" kat-mb="0" kat-k="0" kat-l="0" kat-a="0" kat-n="0" kat-ft="" kat-22="0" kat-luft="0" gruppe="" />
    <paamelding-skytter lag="5" skive="20" medlemsid="1470400" fornavn="Per" etternavn="Myhre" sklag-nr="10744" epost="ginaess@frisurf.no" fdato="16071954" endeskive="Nei" LS_ovelse="LSA" klasse="V55" klasse-felt="" klasse-skogslop="" kat-mf="0" kat-mb="0" kat-k="0" kat-l="1" kat-a="0" kat-n="0" kat-ft="" kat-22="0" kat-luft="0" gruppe="" />
    <paamelding-skytter lag="6" skive="1" medlemsid="1127661" fornavn="John Helge" etternavn="Steinnes" sklag-nr="10743" epost="john.h.steinnes@hotmail.com" fdato="02031960" endeskive="Nei" LS_ovelse="KUR" klasse="V55" klasse-felt="" klasse-skogslop="" kat-mf="0" kat-mb="0" kat-k="0" kat-l="0" kat-a="0" kat-n="0" kat-ft="" kat-22="0" kat-luft="0" gruppe="" />
    <paamelding-skytter lag="6" skive="2" medlemsid="1127760" fornavn="Torfinn" etternavn="Govasli" sklag-nr="10816" epost="kvarsv@online.no" fdato="15071955" endeskive="Nei" LS_ovelse="KUR" klasse="V55" klasse-felt="" klasse-skogslop="" kat-mf="0" kat-mb="0" kat-k="0" kat-l="0" kat-a="0" kat-n="0" kat-ft="" kat-22="0" kat-luft="0" gruppe="" />
    <paamelding-skytter lag="6" skive="3" medlemsid="1369073" fornavn="Tore Kristian" etternavn="Bentsen" sklag-nr="10591" epost="torebentsen@hotmail.com" fdato="28051938" endeskive="Nei" LS_ovelse="KUR" klasse="V55" klasse-felt="" klasse-skogslop="" kat-mf="0" kat-mb="0" kat-k="0" kat-l="0" kat-a="0" kat-n="0" kat-ft="" kat-22="0" kat-luft="0" gruppe="" />
    <paamelding-skytter lag="6" skive="4" medlemsid="1418755" fornavn="Roald" etternavn="Søfting" sklag-nr="10462" epost="roald.softing@hotmail.no" fdato="26051954" endeskive="Nei" LS_ovelse="LSA" klasse="V55" klasse-felt="" klasse-skogslop="" kat-mf="0" kat-mb="0" kat-k="0" kat-l="0" kat-a="0" kat-n="0" kat-ft="" kat-22="0" kat-luft="0" gruppe="" />
    <paamelding-skytter lag="6" skive="5" medlemsid="894212" fornavn="Torben" etternavn="Knudsen" sklag-nr="10843" epost="torben.knudsen@outlook.com" fdato="30111954" endeskive="Nei" LS_ovelse="KUR" klasse="V55" klasse-felt="" klasse-skogslop="" kat-mf="0" kat-mb="0" kat-k="0" kat-l="0" kat-a="0" kat-n="0" kat-ft="" kat-22="0" kat-luft="0" gruppe="" />
    <paamelding-skytter lag="6" skive="6" medlemsid="1760727" fornavn="John Bernhard" etternavn="Kvandal" sklag-nr="10811" epost="john.kvandal@granepotet.no" fdato="30121962" endeskive="Nei" LS_ovelse="LSA" klasse="V55" klasse-felt="" klasse-skogslop="" kat-mf="0" kat-mb="0" kat-k="0" kat-l="0" kat-a="0" kat-n="0" kat-ft="" kat-22="0" kat-luft="0" gruppe="" />
    <paamelding-skytter lag="6" skive="7" medlemsid="1902766" fornavn="Are Mareno" etternavn="Skar" sklag-nr="10804" epost="are.skar@icloud.com" fdato="16071959" endeskive="Nei" LS_ovelse="LSA" klasse="V55" klasse-felt="" klasse-skogslop="" kat-mf="0" kat-mb="0" kat-k="0" kat-l="0" kat-a="0" kat-n="0" kat-ft="" kat-22="0" kat-luft="0" gruppe="" />
    <paamelding-skytter lag="6" skive="8" medlemsid="298810" fornavn="Frode" etternavn="Albertsen" sklag-nr="10808" epost="froalb01@online.no" fdato="04071961" endeskive="Nei" LS_ovelse="KUR" klasse="V55" klasse-felt="" klasse-skogslop="" kat-mf="0" kat-mb="0" kat-k="0" kat-l="0" kat-a="0" kat-n="0" kat-ft="" kat-22="0" kat-luft="0" gruppe="" />
    <paamelding-skytter lag="6" skive="9" medlemsid="190140" fornavn="Arild" etternavn="Hjertås" sklag-nr="10501" epost="arild.hjertaas@ranagruber.no" fdato="01121953" endeskive="Nei" LS_ovelse="LSA" klasse="V55" klasse-felt="" klasse-skogslop="" kat-mf="1" kat-mb="0" kat-k="0" kat-l="0" kat-a="0" kat-n="0" kat-ft="" kat-22="0" kat-luft="0" gruppe="" />
    <paamelding-skytter lag="6" skive="10" medlemsid="371021" fornavn="Asbjørn" etternavn="Tveit" sklag-nr="10748" epost="asb-tve@online.no" fdato="09031956" endeskive="Nei" LS_ovelse="LSA" klasse="V55" klasse-felt="" klasse-skogslop="" kat-mf="0" kat-mb="0" kat-k="0" kat-l="0" kat-a="0" kat-n="0" kat-ft="" kat-22="0" kat-luft="0" gruppe="" />
    <paamelding-skytter lag="6" skive="11" medlemsid="1939842" fornavn="Steinar" etternavn="Aufles" sklag-nr="10808" epost="stauf@online.no" fdato="03041954" endeskive="Nei" LS_ovelse="LSA" klasse="V55" klasse-felt="" klasse-skogslop="" kat-mf="0" kat-mb="0" kat-k="0" kat-l="0" kat-a="0" kat-n="0" kat-ft="" kat-22="0" kat-luft="0" gruppe="" />
    <paamelding-skytter lag="6" skive="12" medlemsid="1199330" fornavn="Steinar" etternavn="Engstad" sklag-nr="10739" epost="steengs@online.no" fdato="03011947" endeskive="Nei" LS_ovelse="KUR" klasse="V55" klasse-felt="" klasse-skogslop="" kat-mf="0" kat-mb="0" kat-k="0" kat-l="0" kat-a="0" kat-n="0" kat-ft="" kat-22="0" kat-luft="0" gruppe="" />
    <paamelding-skytter lag="6" skive="13" medlemsid="1652288" fornavn="Aud" etternavn="Sundsfjord" sklag-nr="10584" epost="aud_sundsfjord@hotmail.com" fdato="08121954" endeskive="Nei" LS_ovelse="LSA" klasse="V55" klasse-felt="" klasse-skogslop="" kat-mf="0" kat-mb="0" kat-k="1" kat-l="0" kat-a="0" kat-n="0" kat-ft="" kat-22="0" kat-luft="0" gruppe="" />
    <paamelding-skytter lag="6" skive="14" medlemsid="1438282" fornavn="Kurt-Arne" etternavn="Rabben" sklag-nr="10841" epost="britt-elin@vkbb.no" fdato="19071961" endeskive="Nei" LS_ovelse="LSA" klasse="V55" klasse-felt="" klasse-skogslop="" kat-mf="0" kat-mb="0" kat-k="0" kat-l="0" kat-a="0" kat-n="0" kat-ft="" kat-22="0" kat-luft="0" gruppe="" />
    <paamelding-skytter lag="6" skive="15" medlemsid="1651843" fornavn="Svein" etternavn="Andreassen" sklag-nr="10584" epost="s-johaan@online.no" fdato="09081943" endeskive="Nei" LS_ovelse="KUR" klasse="V55" klasse-felt="" klasse-skogslop="" kat-mf="0" kat-mb="0" kat-k="0" kat-l="0" kat-a="0" kat-n="0" kat-ft="" kat-22="0" kat-luft="0" gruppe="" />
    <paamelding-skytter lag="6" skive="16" medlemsid="876300" fornavn="Svein Erik" etternavn="Eid" sklag-nr="10802" epost="Svein.eid@hotmail.com" fdato="31121958" endeskive="Nei" LS_ovelse="LSA" klasse="V55" klasse-felt="" klasse-skogslop="" kat-mf="0" kat-mb="0" kat-k="0" kat-l="0" kat-a="0" kat-n="0" kat-ft="" kat-22="0" kat-luft="0" gruppe="" />
    <paamelding-skytter lag="6" skive="17" medlemsid="1652452" fornavn="Bård" etternavn="Pedersen" sklag-nr="10584" epost="bard@nordkontakt.no" fdato="22101962" endeskive="Nei" LS_ovelse="LSA" klasse="V55" klasse-felt="" klasse-skogslop="" kat-mf="0" kat-mb="0" kat-k="0" kat-l="0" kat-a="0" kat-n="0" kat-ft="" kat-22="0" kat-luft="0" gruppe="" />
    <paamelding-skytter lag="6" skive="18" medlemsid="1042415" fornavn="Knut Olav" etternavn="Thomassen" sklag-nr="10846" epost="knut@ktbyggtjeneste.com" fdato="01011951" endeskive="Nei" LS_ovelse="LSA" klasse="V55" klasse-felt="" klasse-skogslop="" kat-mf="0" kat-mb="0" kat-k="0" kat-l="1" kat-a="0" kat-n="0" kat-ft="" kat-22="0" kat-luft="0" gruppe="" />
    <paamelding-skytter lag="6" skive="19" medlemsid="190165" fornavn="Trond" etternavn="Hjertås" sklag-nr="10501" epost="trohje01@online.no" fdato="01121953" endeskive="Nei" LS_ovelse="LSA" klasse="V55" klasse-felt="" klasse-skogslop="" kat-mf="1" kat-mb="0" kat-k="0" kat-l="1" kat-a="0" kat-n="0" kat-ft="" kat-22="0" kat-luft="0" gruppe="" />
    <paamelding-skytter lag="6" skive="20" medlemsid="968313" fornavn="Gunnar" etternavn="Olsen" sklag-nr="10845" epost="gunnar.kristian.olsen@vkbb.no" fdato="23031959" endeskive="Nei" LS_ovelse="KUR" klasse="V55" klasse-felt="" klasse-skogslop="" kat-mf="0" kat-mb="0" kat-k="0" kat-l="1" kat-a="0" kat-n="0" kat-ft="" kat-22="0" kat-luft="0" gruppe="" />
    <paamelding-skytter lag="7" skive="1" medlemsid="1414929" fornavn="Sabina Helen" etternavn="Hansen" sklag-nr="10499" epost="" fdato="06051966" endeskive="Nei" LS_ovelse="KUR" klasse="3" klasse-felt="" klasse-skogslop="" kat-mf="0" kat-mb="0" kat-k="1" kat-l="0" kat-a="0" kat-n="0" kat-ft="" kat-22="0" kat-luft="0" gruppe="" />
    <paamelding-skytter lag="7" skive="2" medlemsid="310698" fornavn="Lars" etternavn="Lian" sklag-nr="10470" epost="maclian@me.com" fdato="04121975" endeskive="Nei" LS_ovelse="KUR" klasse="3" klasse-felt="" klasse-skogslop="" kat-mf="0" kat-mb="0" kat-k="0" kat-l="0" kat-a="0" kat-n="0" kat-ft="" kat-22="0" kat-luft="0" gruppe="" />
    <paamelding-skytter lag="7" skive="3" medlemsid="1728559" fornavn="Dagfinn" etternavn="Strøm" sklag-nr="10583" epost="kgstroem@hotmail.com" fdato="17021942" endeskive="Nei" LS_ovelse="KUR" klasse="3" klasse-felt="" klasse-skogslop="" kat-mf="0" kat-mb="0" kat-k="0" kat-l="0" kat-a="0" kat-n="1" kat-ft="" kat-22="0" kat-luft="0" gruppe="" />
    <paamelding-skytter lag="7" skive="4" medlemsid="1598036" fornavn="Marius" etternavn="Lorentzen" sklag-nr="10335" epost="mariuse2@icloud.com" fdato="26061997" endeskive="Nei" LS_ovelse="KUR" klasse="3" klasse-felt="" klasse-skogslop="" kat-mf="0" kat-mb="0" kat-k="0" kat-l="0" kat-a="0" kat-n="0" kat-ft="" kat-22="0" kat-luft="0" gruppe="" />
    <paamelding-skytter lag="7" skive="5" medlemsid="1491828" fornavn="Harald" etternavn="Lundnes" sklag-nr="10734" epost="hlundnes@hotmail.no" fdato="08011967" endeskive="Nei" LS_ovelse="LSA" klasse="3" klasse-felt="" klasse-skogslop="" kat-mf="0" kat-mb="0" kat-k="0" kat-l="0" kat-a="0" kat-n="0" kat-ft="" kat-22="0" kat-luft="0" gruppe="" />
    <paamelding-skytter lag="7" skive="6" medlemsid="1006584" fornavn="Jan Ragnar" etternavn="Nordås" sklag-nr="10754" epost="batjan50@yahoo.no" fdato="01011973" endeskive="Nei" LS_ovelse="KUR" klasse="3" klasse-felt="" klasse-skogslop="" kat-mf="0" kat-mb="0" kat-k="0" kat-l="0" kat-a="0" kat-n="0" kat-ft="" kat-22="0" kat-luft="0" gruppe="" />
    <paamelding-skytter lag="7" skive="7" medlemsid="1368703" fornavn="Sander" etternavn="Almo" sklag-nr="10591" epost="sander-almo1@live.no" fdato="09061996" endeskive="Nei" LS_ovelse="LSA" klasse="3" klasse-felt="" klasse-skogslop="" kat-mf="0" kat-mb="0" kat-k="0" kat-l="0" kat-a="0" kat-n="0" kat-ft="" kat-22="0" kat-luft="0" gruppe="" />
    <paamelding-skytter lag="7" skive="8" medlemsid="1180058" fornavn="Hanne" etternavn="Aasvik" sklag-nr="10587" epost="h-aasvik@online.no" fdato="01011974" endeskive="Nei" LS_ovelse="LSA" klasse="3" klasse-felt="" klasse-skogslop="" kat-mf="0" kat-mb="0" kat-k="1" kat-l="0" kat-a="0" kat-n="0" kat-ft="" kat-22="0" kat-luft="0" gruppe="" />
    <paamelding-skytter lag="7" skive="9" medlemsid="1127554" fornavn="Cato" etternavn="Rognli" sklag-nr="10743" epost="cato-r@hotmail.com" fdato="17111977" endeskive="Nei" LS_ovelse="KUR" klasse="3" klasse-felt="" klasse-skogslop="" kat-mf="0" kat-mb="0" kat-k="0" kat-l="0" kat-a="0" kat-n="0" kat-ft="" kat-22="0" kat-luft="0" gruppe="" />
    <paamelding-skytter lag="7" skive="10" medlemsid="1878776" fornavn="Geir Anders Hætta" etternavn="Berg" sklag-nr="10593" epost="geir.anders.berg@gmail.com" fdato="07061973" endeskive="Nei" LS_ovelse="KUR" klasse="3" klasse-felt="" klasse-skogslop="" kat-mf="0" kat-mb="0" kat-k="0" kat-l="0" kat-a="0" kat-n="0" kat-ft="" kat-22="0" kat-luft="0" gruppe="" />
    <paamelding-skytter lag="7" skive="11" medlemsid="1591387" fornavn="Leif" etternavn="Engseth" sklag-nr="10498" epost="" fdato="06061955" endeskive="Nei" LS_ovelse="KUR" klasse="3" klasse-felt="" klasse-skogslop="" kat-mf="0" kat-mb="0" kat-k="0" kat-l="0" kat-a="0" kat-n="1" kat-ft="" kat-22="0" kat-luft="0" gruppe="" />
    <paamelding-skytter lag="7" skive="12" medlemsid="1570860" fornavn="Wenche" etternavn="Nordsletta" sklag-nr="10849" epost="wenordsl@start.no" fdato="04121968" endeskive="Nei" LS_ovelse="KUR" klasse="3" klasse-felt="" klasse-skogslop="" kat-mf="0" kat-mb="0" kat-k="1" kat-l="0" kat-a="0" kat-n="0" kat-ft="" kat-22="0" kat-luft="0" gruppe="" />
    <paamelding-skytter lag="7" skive="13" medlemsid="1473982" fornavn="Bendik" etternavn="Steinhaug" sklag-nr="10744" epost="" fdato="06121999" endeskive="Nei" LS_ovelse="KUR" klasse="3" klasse-felt="" klasse-skogslop="" kat-mf="0" kat-mb="0" kat-k="0" kat-l="0" kat-a="1" kat-n="0" kat-ft="" kat-22="0" kat-luft="0" gruppe="" />
    <paamelding-skytter lag="7" skive="14" medlemsid="1127794" fornavn="Georg" etternavn="Storvik" sklag-nr="10816" epost="geo_stor@hotmail.com" fdato="21121972" endeskive="Nei" LS_ovelse="LSA" klasse="3" klasse-felt="" klasse-skogslop="" kat-mf="0" kat-mb="0" kat-k="0" kat-l="0" kat-a="0" kat-n="0" kat-ft="" kat-22="0" kat-luft="0" gruppe="" />
    <paamelding-skytter lag="7" skive="15" medlemsid="2316412" fornavn="Lene Mari" etternavn="Sæthre" sklag-nr="10584" epost="lene.saethre@gmail.com" fdato="13051974" endeskive="Nei" LS_ovelse="KUR" klasse="3" klasse-felt="" klasse-skogslop="" kat-mf="0" kat-mb="0" kat-k="1" kat-l="0" kat-a="0" kat-n="0" kat-ft="" kat-22="0" kat-luft="0" gruppe="" />
    <paamelding-skytter lag="7" skive="16" medlemsid="549949" fornavn="Benjamin" etternavn="Karolius" sklag-nr="10455" epost="benjamin.karolius99@gmail.com" fdato="21041999" endeskive="Nei" LS_ovelse="KUR" klasse="3" klasse-felt="" klasse-skogslop="" kat-mf="0" kat-mb="0" kat-k="0" kat-l="0" kat-a="1" kat-n="0" kat-ft="" kat-22="0" kat-luft="0" gruppe="" />
    <paamelding-skytter lag="7" skive="17" medlemsid="876292" fornavn="Jens Ole" etternavn="Jensen" sklag-nr="10802" epost="jeolj@online.no" fdato="14121955" endeskive="Nei" LS_ovelse="LSA" klasse="3" klasse-felt="" klasse-skogslop="" kat-mf="0" kat-mb="0" kat-k="0" kat-l="0" kat-a="0" kat-n="1" kat-ft="" kat-22="0" kat-luft="0" gruppe="" />
    <paamelding-skytter lag="7" skive="18" medlemsid="1042530" fornavn="Vidar" etternavn="Isaksen" sklag-nr="10846" epost="v.isaksen@hotmail.com" fdato="14031987" endeskive="Nei" LS_ovelse="LSA" klasse="3" klasse-felt="" klasse-skogslop="" kat-mf="0" kat-mb="0" kat-k="0" kat-l="0" kat-a="0" kat-n="0" kat-ft="" kat-22="0" kat-luft="0" gruppe="" />
    <paamelding-skytter lag="7" skive="19" medlemsid="1878131" fornavn="Sivert" etternavn="Sørgård" sklag-nr="10593" epost="sivertsorgard@hotmail.com" fdato="03101996" endeskive="Nei" LS_ovelse="KUR" klasse="3" klasse-felt="" klasse-skogslop="" kat-mf="0" kat-mb="0" kat-k="0" kat-l="0" kat-a="0" kat-n="0" kat-ft="" kat-22="0" kat-luft="0" gruppe="" />
    <paamelding-skytter lag="7" skive="20" medlemsid="1652841" fornavn="Abel Leander" etternavn="Sandvei" sklag-nr="10584" epost="abelsandvei@gmail.com" fdato="02061992" endeskive="Nei" LS_ovelse="KUR" klasse="3" klasse-felt="" klasse-skogslop="" kat-mf="0" kat-mb="0" kat-k="0" kat-l="1" kat-a="0" kat-n="0" kat-ft="" kat-22="0" kat-luft="0" gruppe="" />
    <paamelding-skytter lag="8" skive="1" medlemsid="1652114" fornavn="Sigbjørn" etternavn="Skogsholm" sklag-nr="10584" epost="klipp-as@online.no" fdato="03041957" endeskive="Nei" LS_ovelse="KUR" klasse="3" klasse-felt="" klasse-skogslop="" kat-mf="0" kat-mb="0" kat-k="0" kat-l="0" kat-a="0" kat-n="1" kat-ft="" kat-22="0" kat-luft="0" gruppe="" />
    <paamelding-skytter lag="8" skive="2" medlemsid="1651793" fornavn="Kim Andre" etternavn="Korsmo" sklag-nr="10584" epost="kimakorsmo@hotmail.com" fdato="25021967" endeskive="Nei" LS_ovelse="KUR" klasse="3" klasse-felt="" klasse-skogslop="" kat-mf="1" kat-mb="1" kat-k="0" kat-l="0" kat-a="0" kat-n="0" kat-ft="" kat-22="0" kat-luft="0" gruppe="" />
    <paamelding-skytter lag="8" skive="3" medlemsid="1046119" fornavn="Miriam" etternavn="Paulsen" sklag-nr="10753" epost="mspaul@live.no" fdato="10061997" endeskive="Nei" LS_ovelse="KUR" klasse="3" klasse-felt="" klasse-skogslop="" kat-mf="0" kat-mb="0" kat-k="1" kat-l="0" kat-a="0" kat-n="0" kat-ft="" kat-22="0" kat-luft="0" gruppe="" />
    <paamelding-skytter lag="8" skive="4" medlemsid="882100" fornavn="Siv Bente" etternavn="Jæger" sklag-nr="10853" epost="sbjaeger@online.no" fdato="12051966" endeskive="Nei" LS_ovelse="KUR" klasse="3" klasse-felt="" klasse-skogslop="" kat-mf="0" kat-mb="0" kat-k="1" kat-l="0" kat-a="0" kat-n="0" kat-ft="" kat-22="0" kat-luft="0" gruppe="" />
    <paamelding-skytter lag="8" skive="5" medlemsid="1582824" fornavn="Sigbjørn" etternavn="Nilsen" sklag-nr="10336" epost="sigbjorn.nilsen@lofotkraft.net" fdato="13091966" endeskive="Nei" LS_ovelse="LSA" klasse="3" klasse-felt="" klasse-skogslop="" kat-mf="0" kat-mb="0" kat-k="0" kat-l="0" kat-a="0" kat-n="0" kat-ft="" kat-22="0" kat-luft="0" gruppe="" />
    <paamelding-skytter lag="8" skive="6" medlemsid="1255785" fornavn="Sigbjørn" etternavn="Henriksen" sklag-nr="10749" epost="sigbjorn@overbygd-elektro.no" fdato="25031960" endeskive="Nei" LS_ovelse="KUR" klasse="3" klasse-felt="" klasse-skogslop="" kat-mf="0" kat-mb="0" kat-k="0" kat-l="0" kat-a="0" kat-n="1" kat-ft="" kat-22="0" kat-luft="0" gruppe="" />
    <paamelding-skytter lag="8" skive="7" medlemsid="1180157" fornavn="Lill" etternavn="Nilsen" sklag-nr="10587" epost="" fdato="17091975" endeskive="Nei" LS_ovelse="KUR" klasse="3" klasse-felt="" klasse-skogslop="" kat-mf="0" kat-mb="0" kat-k="1" kat-l="0" kat-a="0" kat-n="0" kat-ft="" kat-22="0" kat-luft="0" gruppe="" />
    <paamelding-skytter lag="8" skive="8" medlemsid="1473651" fornavn="Bjørn" etternavn="Toldnes" sklag-nr="10744" epost="toldnes@online.no" fdato="09101970" endeskive="Nei" LS_ovelse="KUR" klasse="3" klasse-felt="" klasse-skogslop="" kat-mf="0" kat-mb="0" kat-k="0" kat-l="0" kat-a="0" kat-n="0" kat-ft="" kat-22="0" kat-luft="0" gruppe="" />
    <paamelding-skytter lag="8" skive="9" medlemsid="1878289" fornavn="Ole Henrik" etternavn="Hansen" sklag-nr="10593" epost="ole2205@hotmail.com" fdato="22051991" endeskive="Nei" LS_ovelse="KUR" klasse="3" klasse-felt="" klasse-skogslop="" kat-mf="0" kat-mb="0" kat-k="0" kat-l="0" kat-a="0" kat-n="0" kat-ft="" kat-22="0" kat-luft="0" gruppe="" />
    <paamelding-skytter lag="8" skive="10" medlemsid="104133" fornavn="Andor" etternavn="Nesse" sklag-nr="10470" epost="andor.nesse@online.no" fdato="26051956" endeskive="Nei" LS_ovelse="LSB" klasse="3" klasse-felt="" klasse-skogslop="" kat-mf="0" kat-mb="0" kat-k="0" kat-l="0" kat-a="0" kat-n="1" kat-ft="" kat-22="0" kat-luft="0" gruppe="" />
    <paamelding-skytter lag="8" skive="11" medlemsid="545764" fornavn="Ingvard" etternavn="Medby" sklag-nr="10455" epost="ijamedby@online.no" fdato="19091964" endeskive="Nei" LS_ovelse="KUR" klasse="3" klasse-felt="" klasse-skogslop="" kat-mf="0" kat-mb="0" kat-k="0" kat-l="0" kat-a="0" kat-n="0" kat-ft="" kat-22="0" kat-luft="0" gruppe="" />
    <paamelding-skytter lag="8" skive="12" medlemsid="1654698" fornavn="Knut Ole" etternavn="Ysland" sklag-nr="10584" epost="koysland@gmail.com" fdato="01011970" endeskive="Nei" LS_ovelse="KUR" klasse="3" klasse-felt="" klasse-skogslop="" kat-mf="0" kat-mb="0" kat-k="0" kat-l="0" kat-a="0" kat-n="0" kat-ft="" kat-22="0" kat-luft="0" gruppe="" />
    <paamelding-skytter lag="8" skive="13" medlemsid="2249118" fornavn="Anders Heiberg" etternavn="Jakobsen" sklag-nr="10584" epost="andershjak@hotmail.com" fdato="16091979" endeskive="Nei" LS_ovelse="LSA" klasse="3" klasse-felt="" klasse-skogslop="" kat-mf="0" kat-mb="0" kat-k="0" kat-l="0" kat-a="0" kat-n="0" kat-ft="" kat-22="0" kat-luft="0" gruppe="" />
    <paamelding-skytter lag="8" skive="14" medlemsid="2165207" fornavn="Tor-Arne" etternavn="Hanssen" sklag-nr="10747" epost="tor-arne.hanssen@unn.no" fdato="02091967" endeskive="Nei" LS_ovelse="KUR" klasse="3" klasse-felt="" klasse-skogslop="" kat-mf="0" kat-mb="0" kat-k="0" kat-l="0" kat-a="0" kat-n="0" kat-ft="" kat-22="0" kat-luft="0" gruppe="" />
    <paamelding-skytter lag="8" skive="15" medlemsid="1041623" fornavn="Nora" etternavn="Johansen" sklag-nr="10506" epost="" fdato="17062000" endeskive="Nei" LS_ovelse="KUR" klasse="3" klasse-felt="" klasse-skogslop="" kat-mf="0" kat-mb="0" kat-k="1" kat-l="0" kat-a="1" kat-n="0" kat-ft="" kat-22="0" kat-luft="0" gruppe="" />
    <paamelding-skytter lag="8" skive="16" medlemsid="546234" fornavn="Roger" etternavn="Pedersen" sklag-nr="10455" epost="rogerpd@online.no" fdato="03081965" endeskive="Nei" LS_ovelse="KUR" klasse="3" klasse-felt="" klasse-skogslop="" kat-mf="0" kat-mb="0" kat-k="0" kat-l="0" kat-a="0" kat-n="0" kat-ft="" kat-22="0" kat-luft="0" gruppe="" />
    <paamelding-skytter lag="8" skive="17" medlemsid="549642" fornavn="John Eivind" etternavn="Nylund" sklag-nr="10455" epost="nybingen@online.no" fdato="17101999" endeskive="Nei" LS_ovelse="KUR" klasse="3" klasse-felt="" klasse-skogslop="" kat-mf="0" kat-mb="0" kat-k="0" kat-l="0" kat-a="1" kat-n="0" kat-ft="" kat-22="0" kat-luft="0" gruppe="" />
    <paamelding-skytter lag="8" skive="18" medlemsid="1438415" fornavn="Tom Andre" etternavn="Henriksen" sklag-nr="10841" epost="t-and-he@online.no" fdato="09031979" endeskive="Nei" LS_ovelse="KUR" klasse="3" klasse-felt="" klasse-skogslop="" kat-mf="0" kat-mb="0" kat-k="0" kat-l="0" kat-a="0" kat-n="0" kat-ft="" kat-22="0" kat-luft="0" gruppe="" />
    <paamelding-skytter lag="8" skive="19" medlemsid="1570845" fornavn="Torstein" etternavn="Maurstad" sklag-nr="10507" epost="eltaxx@gmail.com" fdato="04111990" endeskive="Nei" LS_ovelse="KUR" klasse="3" klasse-felt="" klasse-skogslop="" kat-mf="0" kat-mb="0" kat-k="0" kat-l="0" kat-a="0" kat-n="0" kat-ft="" kat-22="0" kat-luft="0" gruppe="" />
    <paamelding-skytter lag="8" skive="20" medlemsid="1878586" fornavn="Ingvar Thomas" etternavn="Sørfjord" sklag-nr="10593" epost="Thomas.sorfjord@gmail.com" fdato="01011955" endeskive="Nei" LS_ovelse="LSA" klasse="3" klasse-felt="" klasse-skogslop="" kat-mf="0" kat-mb="0" kat-k="0" kat-l="1" kat-a="0" kat-n="1" kat-ft="" kat-22="0" kat-luft="0" gruppe="" />
    <paamelding-skytter lag="9" skive="1" medlemsid="965921" fornavn="Tonje" etternavn="Fredheim" sklag-nr="10597" epost="tonjefredheim@live.no" fdato="20051997" endeskive="Nei" LS_ovelse="KUR" klasse="3" klasse-felt="" klasse-skogslop="" kat-mf="0" kat-mb="0" kat-k="1" kat-l="0" kat-a="0" kat-n="0" kat-ft="" kat-22="0" kat-luft="0" gruppe="" />
    <paamelding-skytter lag="9" skive="2" medlemsid="1013945" fornavn="Rolf" etternavn="Larsen" sklag-nr="10725" epost="Rollar4@online.no" fdato="16041973" endeskive="Nei" LS_ovelse="LSA" klasse="3" klasse-felt="" klasse-skogslop="" kat-mf="0" kat-mb="0" kat-k="0" kat-l="0" kat-a="0" kat-n="0" kat-ft="" kat-22="0" kat-luft="0" gruppe="" />
    <paamelding-skytter lag="9" skive="3" medlemsid="1651819" fornavn="Roald" etternavn="Parelius" sklag-nr="10584" epost="rpa@dips.no" fdato="08071967" endeskive="Nei" LS_ovelse="KUR" klasse="3" klasse-felt="" klasse-skogslop="" kat-mf="0" kat-mb="0" kat-k="0" kat-l="0" kat-a="0" kat-n="0" kat-ft="" kat-22="0" kat-luft="0" gruppe="" />
    <paamelding-skytter lag="9" skive="4" medlemsid="1189489" fornavn="Frode" etternavn="Sæther" sklag-nr="10840" epost="frodesaether@gmail.com" fdato="02011968" endeskive="Nei" LS_ovelse="LSA" klasse="3" klasse-felt="" klasse-skogslop="" kat-mf="0" kat-mb="0" kat-k="0" kat-l="0" kat-a="0" kat-n="0" kat-ft="" kat-22="0" kat-luft="0" gruppe="" />
    <paamelding-skytter lag="9" skive="5" medlemsid="1369222" fornavn="Ørjan" etternavn="Larsos" sklag-nr="10591" epost="olarsos@hotmail.com" fdato="14021979" endeskive="Nei" LS_ovelse="KUR" klasse="3" klasse-felt="" klasse-skogslop="" kat-mf="0" kat-mb="0" kat-k="0" kat-l="0" kat-a="0" kat-n="0" kat-ft="" kat-22="0" kat-luft="0" gruppe="" />
    <paamelding-skytter lag="9" skive="6" medlemsid="1651991" fornavn="Asle" etternavn="Jensen" sklag-nr="10584" epost="aslejensen2@gmail.com" fdato="08121966" endeskive="Nei" LS_ovelse="KUR" klasse="3" klasse-felt="" klasse-skogslop="" kat-mf="0" kat-mb="0" kat-k="0" kat-l="0" kat-a="0" kat-n="0" kat-ft="" kat-22="0" kat-luft="0" gruppe="" />
    <paamelding-skytter lag="9" skive="7" medlemsid="1013952" fornavn="Stig Anders J." etternavn="Larsen" sklag-nr="10725" epost="stigalars1@hotmail.com" fdato="05121979" endeskive="Nei" LS_ovelse="LSA" klasse="3" klasse-felt="" klasse-skogslop="" kat-mf="0" kat-mb="0" kat-k="0" kat-l="0" kat-a="0" kat-n="0" kat-ft="" kat-22="0" kat-luft="0" gruppe="" />
    <paamelding-skytter lag="9" skive="8" medlemsid="1491737" fornavn="Stian Sollie" etternavn="Nyheim" sklag-nr="10734" epost="stian_nyheim91@hotmail.com" fdato="07031991" endeskive="Nei" LS_ovelse="KUR" klasse="3" klasse-felt="" klasse-skogslop="" kat-mf="0" kat-mb="0" kat-k="0" kat-l="0" kat-a="0" kat-n="0" kat-ft="" kat-22="0" kat-luft="0" gruppe="" />
    <paamelding-skytter lag="9" skive="9" medlemsid="1689876" fornavn="Rune" etternavn="Jørgensen" sklag-nr="10583" epost="beiarn@skytterlag.no" fdato="23111970" endeskive="Nei" LS_ovelse="KUR" klasse="3" klasse-felt="" klasse-skogslop="" kat-mf="0" kat-mb="0" kat-k="0" kat-l="0" kat-a="0" kat-n="0" kat-ft="" kat-22="0" kat-luft="0" gruppe="" />
    <paamelding-skytter lag="9" skive="10" medlemsid="1255579" fornavn="Tor Magne" etternavn="Svendli" sklag-nr="10749" epost="tma-s@online.no" fdato="04091967" endeskive="Nei" LS_ovelse="LSA" klasse="3" klasse-felt="" klasse-skogslop="" kat-mf="0" kat-mb="0" kat-k="0" kat-l="1" kat-a="0" kat-n="0" kat-ft="" kat-22="0" kat-luft="0" gruppe="" />
    <paamelding-skytter lag="10" skive="1" medlemsid="2477255" fornavn="Camilla Emilie" etternavn="Bergersen" sklag-nr="10584" epost="camillaemiliebergersen@gmail.com" fdato="10081994" endeskive="Nei" LS_ovelse="KUR" klasse="4" klasse-felt="" klasse-skogslop="" kat-mf="0" kat-mb="0" kat-k="1" kat-l="0" kat-a="0" kat-n="0" kat-ft="" kat-22="0" kat-luft="0" gruppe="" />
    <paamelding-skytter lag="10" skive="2" medlemsid="1007194" fornavn="Lars Olav" etternavn="Sørgaard" sklag-nr="10754" epost="larssoergaard@hotmail.com" fdato="18041979" endeskive="Nei" LS_ovelse="KUR" klasse="4" klasse-felt="" klasse-skogslop="" kat-mf="0" kat-mb="0" kat-k="0" kat-l="0" kat-a="0" kat-n="0" kat-ft="" kat-22="0" kat-luft="0" gruppe="" />
    <paamelding-skytter lag="10" skive="3" medlemsid="1007319" fornavn="Jan-Kato Utby" etternavn="Bjørnsund" sklag-nr="10754" epost="bjornsund@hotmail.com" fdato="01011958" endeskive="Nei" LS_ovelse="KUR" klasse="4" klasse-felt="" klasse-skogslop="" kat-mf="1" kat-mb="0" kat-k="0" kat-l="0" kat-a="0" kat-n="1" kat-ft="" kat-22="0" kat-luft="0" gruppe="" />
    <paamelding-skytter lag="10" skive="4" medlemsid="1571165" fornavn="Ragnhild" etternavn="Maurstad" sklag-nr="10849" epost="" fdato="28051963" endeskive="Nei" LS_ovelse="LSA" klasse="4" klasse-felt="" klasse-skogslop="" kat-mf="0" kat-mb="0" kat-k="1" kat-l="0" kat-a="0" kat-n="1" kat-ft="" kat-22="0" kat-luft="0" gruppe="" />
    <paamelding-skytter lag="10" skive="5" medlemsid="368605" fornavn="Dagfinn Harald" etternavn="Grønvoll" sklag-nr="10733" epost="dgronvoll@hotmail.no" fdato="05041967" endeskive="Nei" LS_ovelse="LSA" klasse="4" klasse-felt="" klasse-skogslop="" kat-mf="0" kat-mb="0" kat-k="0" kat-l="0" kat-a="0" kat-n="0" kat-ft="" kat-22="0" kat-luft="0" gruppe="" />
    <paamelding-skytter lag="10" skive="6" medlemsid="1582501" fornavn="Marius" etternavn="Hellan" sklag-nr="10336" epost="marius_spartan117@hotmail.com" fdato="27011995" endeskive="Nei" LS_ovelse="KUR" klasse="4" klasse-felt="" klasse-skogslop="" kat-mf="0" kat-mb="0" kat-k="0" kat-l="0" kat-a="0" kat-n="0" kat-ft="" kat-22="0" kat-luft="0" gruppe="" />
    <paamelding-skytter lag="10" skive="7" medlemsid="1652924" fornavn="Mats" etternavn="Jensen" sklag-nr="10584" epost="matsjensen2@gmail.com" fdato="29031994" endeskive="Nei" LS_ovelse="KUR" klasse="4" klasse-felt="" klasse-skogslop="" kat-mf="0" kat-mb="0" kat-k="0" kat-l="0" kat-a="0" kat-n="0" kat-ft="" kat-22="0" kat-luft="0" gruppe="" />
    <paamelding-skytter lag="10" skive="8" medlemsid="1653799" fornavn="Sander A.B." etternavn="Ellingsen" sklag-nr="10584" epost="Sandreel@online.no" fdato="17081998" endeskive="Nei" LS_ovelse="KUR" klasse="4" klasse-felt="" klasse-skogslop="" kat-mf="0" kat-mb="0" kat-k="0" kat-l="0" kat-a="1" kat-n="0" kat-ft="" kat-22="0" kat-luft="0" gruppe="" />
    <paamelding-skytter lag="10" skive="9" medlemsid="1921386" fornavn="Camilla" etternavn="Mudenia" sklag-nr="10127" epost="camilla.mudenia@yahoo.no" fdato="05011999" endeskive="Nei" LS_ovelse="KUR" klasse="4" klasse-felt="" klasse-skogslop="" kat-mf="0" kat-mb="0" kat-k="1" kat-l="0" kat-a="1" kat-n="0" kat-ft="" kat-22="0" kat-luft="0" gruppe="" />
    <paamelding-skytter lag="10" skive="10" medlemsid="1652882" fornavn="Lars-Håkon Nohr" etternavn="Nystad" sklag-nr="10584" epost="Lars-haakon@hotmail.com" fdato="11121993" endeskive="Nei" LS_ovelse="KUR" klasse="4" klasse-felt="" klasse-skogslop="" kat-mf="1" kat-mb="0" kat-k="0" kat-l="0" kat-a="0" kat-n="0" kat-ft="" kat-22="0" kat-luft="0" gruppe="" />
    <paamelding-skytter lag="10" skive="11" medlemsid="882407" fornavn="Idar Helmer" etternavn="Pedersen" sklag-nr="10853" epost="idar.pedersen@online.no" fdato="26041973" endeskive="Nei" LS_ovelse="KUR" klasse="4" klasse-felt="" klasse-skogslop="" kat-mf="0" kat-mb="0" kat-k="0" kat-l="0" kat-a="0" kat-n="0" kat-ft="" kat-22="0" kat-luft="0" gruppe="" />
    <paamelding-skytter lag="10" skive="12" medlemsid="1651934" fornavn="Geir" etternavn="Torkildsen" sklag-nr="10584" epost="geirtorkildsen@icloud.com" fdato="03091960" endeskive="Nei" LS_ovelse="LSA" klasse="4" klasse-felt="" klasse-skogslop="" kat-mf="0" kat-mb="0" kat-k="0" kat-l="0" kat-a="0" kat-n="1" kat-ft="" kat-22="0" kat-luft="0" gruppe="" />
    <paamelding-skytter lag="10" skive="13" medlemsid="1491745" fornavn="Bengt Sollie" etternavn="Nyheim" sklag-nr="10734" epost="Bengt.Nyheim@pon.com" fdato="29091995" endeskive="Nei" LS_ovelse="KUR" klasse="4" klasse-felt="" klasse-skogslop="" kat-mf="0" kat-mb="0" kat-k="0" kat-l="0" kat-a="0" kat-n="0" kat-ft="" kat-22="0" kat-luft="0" gruppe="" />
    <paamelding-skytter lag="10" skive="14" medlemsid="1474162" fornavn="Sebastian" etternavn="Toldnes" sklag-nr="10744" epost="Sebastiantoldnes@hotmail.com" fdato="14061998" endeskive="Nei" LS_ovelse="KUR" klasse="4" klasse-felt="" klasse-skogslop="" kat-mf="1" kat-mb="0" kat-k="0" kat-l="0" kat-a="1" kat-n="0" kat-ft="" kat-22="0" kat-luft="0" gruppe="" />
    <paamelding-skytter lag="10" skive="15" medlemsid="1689868" fornavn="Hege Kristin" etternavn="Aune Jørgensen" sklag-nr="10583" epost="hegekristinaunejrgensen@yahoo.com" fdato="06071972" endeskive="Nei" LS_ovelse="KUR" klasse="4" klasse-felt="" klasse-skogslop="" kat-mf="1" kat-mb="0" kat-k="1" kat-l="0" kat-a="0" kat-n="0" kat-ft="" kat-22="0" kat-luft="0" gruppe="" />
    <paamelding-skytter lag="10" skive="16" medlemsid="1005198" fornavn="Geir" etternavn="Bjerregaard" sklag-nr="10754" epost="geirbjer@hotmail.com" fdato="12061971" endeskive="Nei" LS_ovelse="KUR" klasse="4" klasse-felt="" klasse-skogslop="" kat-mf="1" kat-mb="1" kat-k="0" kat-l="0" kat-a="0" kat-n="0" kat-ft="" kat-22="0" kat-luft="0" gruppe="" />
    <paamelding-skytter lag="10" skive="17" medlemsid="161695" fornavn="Regine" etternavn="Hagfoss" sklag-nr="10747" epost="reginehag@hotmail.com" fdato="10011995" endeskive="Nei" LS_ovelse="KUR" klasse="4" klasse-felt="" klasse-skogslop="" kat-mf="0" kat-mb="0" kat-k="1" kat-l="0" kat-a="0" kat-n="0" kat-ft="" kat-22="0" kat-luft="0" gruppe="" />
    <paamelding-skytter lag="10" skive="18" medlemsid="533174" fornavn="Per Harald" etternavn="Eriksen" sklag-nr="10588" epost="p-erik@online.no" fdato="01011964" endeskive="Nei" LS_ovelse="KUR" klasse="4" klasse-felt="" klasse-skogslop="" kat-mf="0" kat-mb="0" kat-k="0" kat-l="0" kat-a="0" kat-n="0" kat-ft="" kat-22="0" kat-luft="0" gruppe="" />
    <paamelding-skytter lag="10" skive="19" medlemsid="190157" fornavn="Geir Olav" etternavn="Larsen" sklag-nr="10501" epost="geirolavlarsen@yahoo.no" fdato="05081960" endeskive="Nei" LS_ovelse="KUR" klasse="4" klasse-felt="" klasse-skogslop="" kat-mf="0" kat-mb="0" kat-k="0" kat-l="0" kat-a="0" kat-n="1" kat-ft="" kat-22="0" kat-luft="0" gruppe="" />
    <paamelding-skytter lag="10" skive="20" medlemsid="533166" fornavn="Ida" etternavn="Kristiansen" sklag-nr="10588" epost="ida.kristiansen89@gmail.com" fdato="20101989" endeskive="Nei" LS_ovelse="KUR" klasse="4" klasse-felt="" klasse-skogslop="" kat-mf="0" kat-mb="0" kat-k="1" kat-l="1" kat-a="0" kat-n="0" kat-ft="" kat-22="0" kat-luft="0" gruppe="" />
    <paamelding-skytter lag="11" skive="1" medlemsid="310649" fornavn="Per-Eirik" etternavn="Harjo" sklag-nr="10470" epost="per.eirik.harjo@gcrieber.no" fdato="09091970" endeskive="Nei" LS_ovelse="KUR" klasse="4" klasse-felt="" klasse-skogslop="" kat-mf="0" kat-mb="0" kat-k="0" kat-l="0" kat-a="0" kat-n="0" kat-ft="" kat-22="0" kat-luft="0" gruppe="" />
    <paamelding-skytter lag="11" skive="2" medlemsid="609297" fornavn="Sebastian Meleng" etternavn="Blomseth" sklag-nr="10733" epost="sebmelblo@hotmail.com" fdato="05031999" endeskive="Nei" LS_ovelse="KUR" klasse="4" klasse-felt="" klasse-skogslop="" kat-mf="0" kat-mb="0" kat-k="0" kat-l="0" kat-a="1" kat-n="0" kat-ft="" kat-22="0" kat-luft="0" gruppe="" />
    <paamelding-skytter lag="11" skive="3" medlemsid="1418698" fornavn="Thorbjørn" etternavn="Solås" sklag-nr="10462" epost="thsolaas@online.no" fdato="20051964" endeskive="Nei" LS_ovelse="KUR" klasse="4" klasse-felt="" klasse-skogslop="" kat-mf="0" kat-mb="0" kat-k="0" kat-l="0" kat-a="0" kat-n="0" kat-ft="" kat-22="0" kat-luft="0" gruppe="" />
    <paamelding-skytter lag="11" skive="4" medlemsid="1550821" fornavn="Siv" etternavn="Svartisdal" sklag-nr="10507" epost="siv.svartisdal@online.no" fdato="11041962" endeskive="Nei" LS_ovelse="KUR" klasse="4" klasse-felt="" klasse-skogslop="" kat-mf="0" kat-mb="0" kat-k="1" kat-l="0" kat-a="0" kat-n="1" kat-ft="" kat-22="0" kat-luft="0" gruppe="" />
    <paamelding-skytter lag="11" skive="5" medlemsid="1310135" fornavn="Eirik" etternavn="Tangstad" sklag-nr="10811" epost="sarving@hotmail.com" fdato="07091985" endeskive="Nei" LS_ovelse="KUR" klasse="4" klasse-felt="" klasse-skogslop="" kat-mf="0" kat-mb="0" kat-k="0" kat-l="0" kat-a="0" kat-n="0" kat-ft="" kat-22="0" kat-luft="0" gruppe="" />
    <paamelding-skytter lag="11" skive="6" medlemsid="1502681" fornavn="Kine" etternavn="Bekkevold" sklag-nr="10801" epost="neglboden@hotmail.com" fdato="31031977" endeskive="Nei" LS_ovelse="KUR" klasse="4" klasse-felt="" klasse-skogslop="" kat-mf="0" kat-mb="0" kat-k="1" kat-l="0" kat-a="0" kat-n="0" kat-ft="" kat-22="0" kat-luft="0" gruppe="" />
    <paamelding-skytter lag="11" skive="7" medlemsid="192468" fornavn="Lisa Kristina" etternavn="Nilsen" sklag-nr="10501" epost="lisakristinanilsen@gmail.com" fdato="10061997" endeskive="Nei" LS_ovelse="KUR" klasse="4" klasse-felt="" klasse-skogslop="" kat-mf="0" kat-mb="0" kat-k="1" kat-l="0" kat-a="0" kat-n="0" kat-ft="" kat-22="0" kat-luft="0" gruppe="" />
    <paamelding-skytter lag="11" skive="8" medlemsid="1127042" fornavn="Sigve Chrisander" etternavn="Iversen" sklag-nr="10743" epost="sigveci@hotmail.no" fdato="21082000" endeskive="Nei" LS_ovelse="KUR" klasse="4" klasse-felt="" klasse-skogslop="" kat-mf="0" kat-mb="0" kat-k="0" kat-l="0" kat-a="1" kat-n="0" kat-ft="" kat-22="0" kat-luft="0" gruppe="" />
    <paamelding-skytter lag="11" skive="9" medlemsid="1582915" fornavn="Rino" etternavn="Leirvoll" sklag-nr="10336" epost="rin-l@online.no" fdato="17121961" endeskive="Nei" LS_ovelse="KUR" klasse="4" klasse-felt="" klasse-skogslop="" kat-mf="0" kat-mb="0" kat-k="0" kat-l="0" kat-a="0" kat-n="1" kat-ft="" kat-22="0" kat-luft="0" gruppe="" />
    <paamelding-skytter lag="11" skive="10" medlemsid="1041581" fornavn="Hilmar" etternavn="Johansen" sklag-nr="10506" epost="hiljoh@outlook.com" fdato="21051970" endeskive="Nei" LS_ovelse="KUR" klasse="4" klasse-felt="" klasse-skogslop="" kat-mf="0" kat-mb="0" kat-k="0" kat-l="0" kat-a="0" kat-n="0" kat-ft="" kat-22="0" kat-luft="0" gruppe="" />
    <paamelding-skytter lag="11" skive="11" medlemsid="1551571" fornavn="Jim Henrik" etternavn="Olsen" sklag-nr="10507" epost="jim800r@icloud.com" fdato="06051993" endeskive="Nei" LS_ovelse="KUR" klasse="4" klasse-felt="" klasse-skogslop="" kat-mf="0" kat-mb="0" kat-k="0" kat-l="0" kat-a="0" kat-n="0" kat-ft="" kat-22="0" kat-luft="0" gruppe="" />
    <paamelding-skytter lag="11" skive="12" medlemsid="894196" fornavn="Finn H." etternavn="Andersen" sklag-nr="10843" epost="fihande@live.no" fdato="12041965" endeskive="Nei" LS_ovelse="KUR" klasse="4" klasse-felt="" klasse-skogslop="" kat-mf="0" kat-mb="0" kat-k="0" kat-l="0" kat-a="0" kat-n="0" kat-ft="" kat-22="0" kat-luft="0" gruppe="" />
    <paamelding-skytter lag="11" skive="13" medlemsid="1872415" fornavn="Viljar" etternavn="Kristoffersen" sklag-nr="10583" epost="andre@wework.no" fdato="30031999" endeskive="Nei" LS_ovelse="KUR" klasse="4" klasse-felt="" klasse-skogslop="" kat-mf="0" kat-mb="0" kat-k="0" kat-l="0" kat-a="1" kat-n="0" kat-ft="" kat-22="0" kat-luft="0" gruppe="" />
    <paamelding-skytter lag="11" skive="14" medlemsid="1041615" fornavn="Nils Kristian" etternavn="Johansen" sklag-nr="10506" epost="nkj@hotmail.no" fdato="02081997" endeskive="Nei" LS_ovelse="KUR" klasse="4" klasse-felt="" klasse-skogslop="" kat-mf="0" kat-mb="0" kat-k="0" kat-l="0" kat-a="0" kat-n="0" kat-ft="" kat-22="0" kat-luft="0" gruppe="" />
    <paamelding-skytter lag="11" skive="15" medlemsid="1367952" fornavn="Jim R" etternavn="Aronsen" sklag-nr="10591" epost="jimaronsen@hotmail.com" fdato="18011961" endeskive="Nei" LS_ovelse="KUR" klasse="4" klasse-felt="" klasse-skogslop="" kat-mf="0" kat-mb="0" kat-k="0" kat-l="0" kat-a="0" kat-n="1" kat-ft="" kat-22="0" kat-luft="0" gruppe="" />
    <paamelding-skytter lag="11" skive="16" medlemsid="298950" fornavn="Bjørn" etternavn="Brattbakk" sklag-nr="10808" epost="bjo.bra@online.no" fdato="23121965" endeskive="Nei" LS_ovelse="KUR" klasse="4" klasse-felt="" klasse-skogslop="" kat-mf="0" kat-mb="0" kat-k="0" kat-l="0" kat-a="0" kat-n="0" kat-ft="" kat-22="0" kat-luft="0" gruppe="" />
    <paamelding-skytter lag="11" skive="17" medlemsid="1654417" fornavn="Ole Christian" etternavn="Lorentsen" sklag-nr="10584" epost="olech44@hotmail.com" fdato="04071983" endeskive="Nei" LS_ovelse="KUR" klasse="4" klasse-felt="" klasse-skogslop="" kat-mf="0" kat-mb="0" kat-k="0" kat-l="0" kat-a="0" kat-n="0" kat-ft="" kat-22="0" kat-luft="0" gruppe="" />
    <paamelding-skytter lag="11" skive="18" medlemsid="1652064" fornavn="Elisabeth" etternavn="Nystad" sklag-nr="10584" epost="Elisnys@online.no" fdato="03031969" endeskive="Nei" LS_ovelse="KUR" klasse="4" klasse-felt="" klasse-skogslop="" kat-mf="0" kat-mb="0" kat-k="1" kat-l="0" kat-a="0" kat-n="0" kat-ft="" kat-22="0" kat-luft="0" gruppe="" />
    <paamelding-skytter lag="11" skive="19" medlemsid="545806" fornavn="Knut Bjørnar" etternavn="Mellem" sklag-nr="10455" epost="Knut.bjornar.mellem@unn.no" fdato="13121960" endeskive="Nei" LS_ovelse="KUR" klasse="4" klasse-felt="" klasse-skogslop="" kat-mf="1" kat-mb="1" kat-k="0" kat-l="0" kat-a="0" kat-n="1" kat-ft="" kat-22="0" kat-luft="0" gruppe="" />
    <paamelding-skytter lag="11" skive="20" medlemsid="1129048" fornavn="Vegard K." etternavn="Govasli" sklag-nr="10816" epost="veg_kva@hotmail.com" fdato="29071990" endeskive="Nei" LS_ovelse="KUR" klasse="4" klasse-felt="" klasse-skogslop="" kat-mf="1" kat-mb="0" kat-k="0" kat-l="1" kat-a="0" kat-n="0" kat-ft="" kat-22="0" kat-luft="0" gruppe="" />
    <paamelding-skytter lag="12" skive="1" medlemsid="1255314" fornavn="Knut" etternavn="Nesset" sklag-nr="10749" epost="egi-ness@online.no" fdato="26101970" endeskive="Nei" LS_ovelse="KUR" klasse="4" klasse-felt="" klasse-skogslop="" kat-mf="0" kat-mb="0" kat-k="0" kat-l="0" kat-a="0" kat-n="0" kat-ft="" kat-22="0" kat-luft="0" gruppe="" />
    <paamelding-skytter lag="12" skive="2" medlemsid="1651884" fornavn="Inge" etternavn="Korsmo" sklag-nr="10584" epost="Inge.johan.korsmo@Epiroc.com" fdato="15121957" endeskive="Nei" LS_ovelse="LSA" klasse="4" klasse-felt="" klasse-skogslop="" kat-mf="0" kat-mb="0" kat-k="0" kat-l="0" kat-a="0" kat-n="1" kat-ft="" kat-22="0" kat-luft="0" gruppe="" />
    <paamelding-skytter lag="12" skive="3" medlemsid="669598" fornavn="Anita" etternavn="Tormodset" sklag-nr="10853" epost="anita_tormodset@hotmail.com" fdato="12021988" endeskive="Nei" LS_ovelse="KUR" klasse="4" klasse-felt="" klasse-skogslop="" kat-mf="0" kat-mb="0" kat-k="1" kat-l="0" kat-a="0" kat-n="0" kat-ft="" kat-22="0" kat-luft="0" gruppe="" />
    <paamelding-skytter lag="12" skive="4" medlemsid="1612811" fornavn="Anne Karin" etternavn="Steffensen" sklag-nr="10844" epost="anne-k@vkbb.no" fdato="18071965" endeskive="Nei" LS_ovelse="KUR" klasse="4" klasse-felt="" klasse-skogslop="" kat-mf="0" kat-mb="0" kat-k="1" kat-l="0" kat-a="0" kat-n="0" kat-ft="" kat-22="0" kat-luft="0" gruppe="" />
    <paamelding-skytter lag="12" skive="5" medlemsid="1654888" fornavn="Tobias" etternavn="Breivik" sklag-nr="10584" epost="tobias.breivik@online.no" fdato="20121999" endeskive="Nei" LS_ovelse="LSA" klasse="4" klasse-felt="" klasse-skogslop="" kat-mf="0" kat-mb="0" kat-k="0" kat-l="0" kat-a="1" kat-n="0" kat-ft="" kat-22="0" kat-luft="0" gruppe="" />
    <paamelding-skytter lag="12" skive="6" medlemsid="370882" fornavn="Tor Jostein" etternavn="Jenssen" sklag-nr="10754" epost="tor.j.jenssen@live.no" fdato="14031954" endeskive="Nei" LS_ovelse="KUR" klasse="4" klasse-felt="" klasse-skogslop="" kat-mf="0" kat-mb="0" kat-k="0" kat-l="0" kat-a="0" kat-n="1" kat-ft="" kat-22="0" kat-luft="0" gruppe="" />
    <paamelding-skytter lag="12" skive="7" medlemsid="1843630" fornavn="Conny J." etternavn="Karlsen" sklag-nr="10846" epost="connyjk@hotmail.com" fdato="28071971" endeskive="Nei" LS_ovelse="KUR" klasse="4" klasse-felt="" klasse-skogslop="" kat-mf="0" kat-mb="0" kat-k="1" kat-l="0" kat-a="0" kat-n="0" kat-ft="" kat-22="0" kat-luft="0" gruppe="" />
    <paamelding-skytter lag="12" skive="8" medlemsid="2162030" fornavn="Tony Rubbås" etternavn="Jacobsen" sklag-nr="10733" epost="tony.fluefiske@gmail.com" fdato="06091976" endeskive="Nei" LS_ovelse="KUR" klasse="4" klasse-felt="" klasse-skogslop="" kat-mf="0" kat-mb="0" kat-k="0" kat-l="0" kat-a="0" kat-n="0" kat-ft="" kat-22="0" kat-luft="0" gruppe="" />
    <paamelding-skytter lag="12" skive="9" medlemsid="965053" fornavn="Tor-Einar" etternavn="Larsen" sklag-nr="10594" epost="toreinar.larsen@signalbox.no" fdato="05021980" endeskive="Nei" LS_ovelse="KUR" klasse="4" klasse-felt="" klasse-skogslop="" kat-mf="0" kat-mb="0" kat-k="0" kat-l="0" kat-a="0" kat-n="0" kat-ft="" kat-22="0" kat-luft="0" gruppe="" />
    <paamelding-skytter lag="12" skive="10" medlemsid="1255439" fornavn="Jostein" etternavn="Rubbås-Risvik" sklag-nr="10749" epost="josteinrisvik@gmail.com" fdato="23061970" endeskive="Nei" LS_ovelse="KUR" klasse="4" klasse-felt="" klasse-skogslop="" kat-mf="1" kat-mb="0" kat-k="0" kat-l="0" kat-a="0" kat-n="0" kat-ft="" kat-22="0" kat-luft="0" gruppe="" />
    <paamelding-skytter lag="12" skive="11" medlemsid="1470335" fornavn="Loyd Olaf" etternavn="Nilsen" sklag-nr="10744" epost="loydonil@gmail.com" fdato="31011963" endeskive="Nei" LS_ovelse="KUR" klasse="4" klasse-felt="" klasse-skogslop="" kat-mf="1" kat-mb="0" kat-k="0" kat-l="0" kat-a="0" kat-n="1" kat-ft="" kat-22="0" kat-luft="0" gruppe="" />
    <paamelding-skytter lag="12" skive="12" medlemsid="1438308" fornavn="Torfinn R" etternavn="Johnsen" sklag-nr="10841" epost="torfinn.johnsen@vkbb.no" fdato="24051972" endeskive="Nei" LS_ovelse="LSA" klasse="4" klasse-felt="" klasse-skogslop="" kat-mf="0" kat-mb="0" kat-k="0" kat-l="0" kat-a="0" kat-n="0" kat-ft="" kat-22="0" kat-luft="0" gruppe="" />
    <paamelding-skytter lag="12" skive="13" medlemsid="2184760" fornavn="Tom Eirik" etternavn="Malin" sklag-nr="10127" epost="toemalin@gmail.com" fdato="23041980" endeskive="Nei" LS_ovelse="LSA" klasse="4" klasse-felt="" klasse-skogslop="" kat-mf="0" kat-mb="0" kat-k="0" kat-l="0" kat-a="0" kat-n="0" kat-ft="" kat-22="0" kat-luft="0" gruppe="" />
    <paamelding-skytter lag="12" skive="14" medlemsid="1180025" fornavn="Tor" etternavn="Hansen" sklag-nr="10587" epost="Tor.hansen@cermaq.com" fdato="21031977" endeskive="Nei" LS_ovelse="KUR" klasse="4" klasse-felt="" klasse-skogslop="" kat-mf="0" kat-mb="0" kat-k="0" kat-l="0" kat-a="0" kat-n="0" kat-ft="" kat-22="0" kat-luft="0" gruppe="" />
    <paamelding-skytter lag="12" skive="15" medlemsid="1044957" fornavn="Tor Harry" etternavn="Mikkelsen" sklag-nr="10846" epost="thmikk@outlook.com" fdato="21031968" endeskive="Nei" LS_ovelse="LSA" klasse="4" klasse-felt="" klasse-skogslop="" kat-mf="0" kat-mb="0" kat-k="0" kat-l="0" kat-a="0" kat-n="0" kat-ft="" kat-22="0" kat-luft="0" gruppe="" />
    <paamelding-skytter lag="12" skive="16" medlemsid="977363" fornavn="Torunn Schjelderup" etternavn="Håkstad" sklag-nr="10752" epost="sch-ha@online.no" fdato="04091975" endeskive="Nei" LS_ovelse="LSA" klasse="4" klasse-felt="" klasse-skogslop="" kat-mf="1" kat-mb="1" kat-k="1" kat-l="0" kat-a="0" kat-n="0" kat-ft="" kat-22="0" kat-luft="0" gruppe="" />
    <paamelding-skytter lag="12" skive="17" medlemsid="1180041" fornavn="Frank" etternavn="Eidissen" sklag-nr="10587" epost="frank100@hotmail.no" fdato="29111968" endeskive="Nei" LS_ovelse="KUR" klasse="4" klasse-felt="" klasse-skogslop="" kat-mf="0" kat-mb="0" kat-k="0" kat-l="0" kat-a="0" kat-n="0" kat-ft="" kat-22="0" kat-luft="0" gruppe="" />
    <paamelding-skytter lag="12" skive="18" medlemsid="1591098" fornavn="Arne" etternavn="Steinfjell" sklag-nr="10508" epost="arne@canava.no" fdato="13091960" endeskive="Nei" LS_ovelse="LSA" klasse="4" klasse-felt="" klasse-skogslop="" kat-mf="0" kat-mb="0" kat-k="0" kat-l="0" kat-a="0" kat-n="1" kat-ft="" kat-22="0" kat-luft="0" gruppe="" />
    <paamelding-skytter lag="12" skive="19" medlemsid="1414622" fornavn="Fred Jarl" etternavn="Hansen" sklag-nr="10499" epost="smiberge@online.no" fdato="22031963" endeskive="Nei" LS_ovelse="KUR" klasse="4" klasse-felt="" klasse-skogslop="" kat-mf="0" kat-mb="0" kat-k="0" kat-l="0" kat-a="0" kat-n="1" kat-ft="" kat-22="0" kat-luft="0" gruppe="" />
    <paamelding-skytter lag="12" skive="20" medlemsid="1041607" fornavn="Nils J." etternavn="Johansen" sklag-nr="10506" epost="nijoh-jo@online.no" fdato="31051963" endeskive="Nei" LS_ovelse="KUR" klasse="4" klasse-felt="" klasse-skogslop="" kat-mf="0" kat-mb="0" kat-k="0" kat-l="1" kat-a="0" kat-n="1" kat-ft="" kat-22="0" kat-luft="0" gruppe="" />
    <paamelding-skytter lag="13" skive="1" medlemsid="1367663" fornavn="Grete" etternavn="Ernstsen" sklag-nr="10591" epost="grete.ernstsen@sbnett.no" fdato="07011972" endeskive="Nei" LS_ovelse="LSA" klasse="4" klasse-felt="" klasse-skogslop="" kat-mf="0" kat-mb="0" kat-k="1" kat-l="0" kat-a="0" kat-n="0" kat-ft="" kat-22="0" kat-luft="0" gruppe="" />
    <paamelding-skytter lag="13" skive="2" medlemsid="1367556" fornavn="Erling" etternavn="Normann" sklag-nr="10591" epost="erling.normann@sbnett.no" fdato="20041964" endeskive="Nei" LS_ovelse="LSA" klasse="4" klasse-felt="" klasse-skogslop="" kat-mf="0" kat-mb="0" kat-k="0" kat-l="0" kat-a="0" kat-n="0" kat-ft="" kat-22="0" kat-luft="0" gruppe="" />
    <paamelding-skytter lag="13" skive="3" medlemsid="190330" fornavn="Ørjan" etternavn="Hansen" sklag-nr="10501" epost="orjan.hansen74@gmail.com" fdato="21031974" endeskive="Nei" LS_ovelse="KUR" klasse="4" klasse-felt="" klasse-skogslop="" kat-mf="0" kat-mb="1" kat-k="0" kat-l="0" kat-a="0" kat-n="0" kat-ft="" kat-22="0" kat-luft="0" gruppe="" />
    <paamelding-skytter lag="13" skive="4" medlemsid="977975" fornavn="Åsgeir" etternavn="Lingrasmo" sklag-nr="10752" epost="sgeirlingrasmo@yahoo.no" fdato="25061961" endeskive="Nei" LS_ovelse="LSA" klasse="4" klasse-felt="" klasse-skogslop="" kat-mf="0" kat-mb="0" kat-k="0" kat-l="0" kat-a="0" kat-n="1" kat-ft="" kat-22="0" kat-luft="0" gruppe="" />
    <paamelding-skytter lag="13" skive="5" medlemsid="367326" fornavn="Stein Hugo" etternavn="Berntsen" sklag-nr="10733" epost="shberntsen@yahoo.no" fdato="21081959" endeskive="Nei" LS_ovelse="KUR" klasse="4" klasse-felt="" klasse-skogslop="" kat-mf="0" kat-mb="0" kat-k="0" kat-l="0" kat-a="0" kat-n="1" kat-ft="" kat-22="0" kat-luft="0" gruppe="" />
    <paamelding-skytter lag="13" skive="6" medlemsid="1271766" fornavn="Hugo" etternavn="Larsen" sklag-nr="10461" epost="hadidrik@online.no" fdato="06051967" endeskive="Nei" LS_ovelse="KUR" klasse="4" klasse-felt="" klasse-skogslop="" kat-mf="0" kat-mb="0" kat-k="0" kat-l="0" kat-a="0" kat-n="0" kat-ft="" kat-22="0" kat-luft="0" gruppe="" />
    <paamelding-skytter lag="13" skive="7" medlemsid="965038" fornavn="Rune" etternavn="Åsbakk" sklag-nr="10597" epost="asbakk@sbnett.no" fdato="26051947" endeskive="Nei" LS_ovelse="KUR" klasse="4" klasse-felt="" klasse-skogslop="" kat-mf="0" kat-mb="0" kat-k="0" kat-l="0" kat-a="0" kat-n="1" kat-ft="" kat-22="0" kat-luft="0" gruppe="" />
    <paamelding-skytter lag="13" skive="8" medlemsid="1472893" fornavn="Svend" etternavn="Svendli" sklag-nr="10744" epost="josvendl@online.no" fdato="17091971" endeskive="Nei" LS_ovelse="KUR" klasse="4" klasse-felt="" klasse-skogslop="" kat-mf="0" kat-mb="0" kat-k="0" kat-l="0" kat-a="0" kat-n="0" kat-ft="" kat-22="0" kat-luft="0" gruppe="" />
    <paamelding-skytter lag="13" skive="9" medlemsid="1728443" fornavn="Øystein" etternavn="Nyhagen" sklag-nr="10584" epost="oystein.nyhagen@wideroe.no" fdato="14041967" endeskive="Nei" LS_ovelse="KUR" klasse="4" klasse-felt="" klasse-skogslop="" kat-mf="0" kat-mb="0" kat-k="0" kat-l="0" kat-a="0" kat-n="0" kat-ft="" kat-22="0" kat-luft="0" gruppe="" />
    <paamelding-skytter lag="13" skive="10" medlemsid="375865" fornavn="Øyvind" etternavn="Abel" sklag-nr="10811" epost="oeyabel@online.no" fdato="02061964" endeskive="Nei" LS_ovelse="KUR" klasse="4" klasse-felt="" klasse-skogslop="" kat-mf="0" kat-mb="0" kat-k="0" kat-l="0" kat-a="0" kat-n="0" kat-ft="" kat-22="0" kat-luft="0" gruppe="" />
    <paamelding-skytter lag="13" skive="11" medlemsid="876334" fornavn="Jøran" etternavn="Nordhuus" sklag-nr="10802" epost="joran@nordhuus.no" fdato="22021968" endeskive="Nei" LS_ovelse="LSA" klasse="4" klasse-felt="" klasse-skogslop="" kat-mf="1" kat-mb="1" kat-k="0" kat-l="0" kat-a="0" kat-n="0" kat-ft="" kat-22="0" kat-luft="0" gruppe="" />
    <paamelding-skytter lag="13" skive="12" medlemsid="978569" fornavn="Børre" etternavn="Pedersen" sklag-nr="10752" epost="borre@ksat.no" fdato="21091969" endeskive="Nei" LS_ovelse="KUR" klasse="4" klasse-felt="" klasse-skogslop="" kat-mf="1" kat-mb="1" kat-k="0" kat-l="0" kat-a="0" kat-n="0" kat-ft="" kat-22="0" kat-luft="0" gruppe="" />
    <paamelding-skytter lag="14" skive="1" medlemsid="1654680" fornavn="Karl Gunnar" etternavn="Strøm" sklag-nr="10584" epost="kgstroem@hotmail.com" fdato="10051981" endeskive="Nei" LS_ovelse="KUR" klasse="5" klasse-felt="" klasse-skogslop="" kat-mf="1" kat-mb="1" kat-k="0" kat-l="0" kat-a="0" kat-n="0" kat-ft="" kat-22="0" kat-luft="0" gruppe="" />
    <paamelding-skytter lag="14" skive="2" medlemsid="367755" fornavn="Magne" etternavn="Gamst" sklag-nr="10733" epost="m-gamst@online.no" fdato="11101953" endeskive="Nei" LS_ovelse="LSA" klasse="5" klasse-felt="" klasse-skogslop="" kat-mf="0" kat-mb="1" kat-k="0" kat-l="0" kat-a="0" kat-n="1" kat-ft="" kat-22="0" kat-luft="0" gruppe="" />
    <paamelding-skytter lag="14" skive="3" medlemsid="1368570" fornavn="Raymond" etternavn="Eliassen" sklag-nr="10591" epost="raymeli@msn.com" fdato="07031978" endeskive="Nei" LS_ovelse="KUR" klasse="5" klasse-felt="" klasse-skogslop="" kat-mf="1" kat-mb="1" kat-k="0" kat-l="0" kat-a="0" kat-n="0" kat-ft="" kat-22="0" kat-luft="0" gruppe="" />
    <paamelding-skytter lag="14" skive="4" medlemsid="1653773" fornavn="Magnus Skyrud" etternavn="Jensen" sklag-nr="10584" epost="magnussj@live.no" fdato="18101993" endeskive="Nei" LS_ovelse="KUR" klasse="5" klasse-felt="" klasse-skogslop="" kat-mf="1" kat-mb="0" kat-k="0" kat-l="0" kat-a="0" kat-n="0" kat-ft="" kat-22="0" kat-luft="0" gruppe="" />
    <paamelding-skytter lag="14" skive="5" medlemsid="1651777" fornavn="Jan Erik" etternavn="Aasheim" sklag-nr="10584" epost="jan.erik.aasheim@tryg.no" fdato="13041972" endeskive="Nei" LS_ovelse="KUR" klasse="5" klasse-felt="" klasse-skogslop="" kat-mf="1" kat-mb="1" kat-k="0" kat-l="0" kat-a="0" kat-n="0" kat-ft="" kat-22="0" kat-luft="0" gruppe="" />
    <paamelding-skytter lag="14" skive="6" medlemsid="1008598" fornavn="Maren Galguften" etternavn="Lunsæter" sklag-nr="10747" epost="maren_gl@hotmail.com" fdato="22051991" endeskive="Nei" LS_ovelse="KUR" klasse="5" klasse-felt="" klasse-skogslop="" kat-mf="0" kat-mb="1" kat-k="1" kat-l="0" kat-a="0" kat-n="0" kat-ft="" kat-22="0" kat-luft="0" gruppe="" />
    <paamelding-skytter lag="14" skive="7" medlemsid="1502400" fornavn="Marius" etternavn="Hagfors" sklag-nr="10801" epost="" fdato="13101983" endeskive="Nei" LS_ovelse="LSA" klasse="5" klasse-felt="" klasse-skogslop="" kat-mf="1" kat-mb="1" kat-k="0" kat-l="0" kat-a="0" kat-n="0" kat-ft="" kat-22="0" kat-luft="0" gruppe="" />
    <paamelding-skytter lag="14" skive="8" medlemsid="1460534" fornavn="Bengt" etternavn="Bratland" sklag-nr="10470" epost="bengtbratland@epost.no" fdato="12051976" endeskive="Nei" LS_ovelse="LSA" klasse="5" klasse-felt="" klasse-skogslop="" kat-mf="0" kat-mb="1" kat-k="0" kat-l="0" kat-a="0" kat-n="0" kat-ft="" kat-22="0" kat-luft="0" gruppe="" />
    <paamelding-skytter lag="14" skive="9" medlemsid="1590835" fornavn="Ben" etternavn="Helland" sklag-nr="10508" epost="ben.helland@me.com" fdato="17041975" endeskive="Nei" LS_ovelse="KUR" klasse="5" klasse-felt="" klasse-skogslop="" kat-mf="1" kat-mb="0" kat-k="0" kat-l="0" kat-a="0" kat-n="0" kat-ft="" kat-22="0" kat-luft="0" gruppe="" />
    <paamelding-skytter lag="14" skive="10" medlemsid="1255744" fornavn="Terese" etternavn="Maristad" sklag-nr="10749" epost="temaristad@hotmail.com" fdato="18051991" endeskive="Nei" LS_ovelse="KUR" klasse="5" klasse-felt="" klasse-skogslop="" kat-mf="0" kat-mb="0" kat-k="1" kat-l="0" kat-a="0" kat-n="0" kat-ft="" kat-22="0" kat-luft="0" gruppe="" />
    <paamelding-skytter lag="14" skive="11" medlemsid="1042795" fornavn="Vegard" etternavn="Haugan" sklag-nr="10846" epost="vegard-haugan@live.no" fdato="20011995" endeskive="Nei" LS_ovelse="KUR" klasse="5" klasse-felt="" klasse-skogslop="" kat-mf="0" kat-mb="0" kat-k="0" kat-l="0" kat-a="0" kat-n="0" kat-ft="" kat-22="0" kat-luft="0" gruppe="" />
    <paamelding-skytter lag="14" skive="12" medlemsid="1878743" fornavn="Simon" etternavn="Sørgård" sklag-nr="10593" epost="Simon_simon67@hotmail.com" fdato="01011992" endeskive="Nei" LS_ovelse="LSA" klasse="5" klasse-felt="" klasse-skogslop="" kat-mf="0" kat-mb="0" kat-k="0" kat-l="0" kat-a="0" kat-n="0" kat-ft="" kat-22="0" kat-luft="0" gruppe="" />
    <paamelding-skytter lag="14" skive="13" medlemsid="1550870" fornavn="Kine Svartisdal" etternavn="Karlsen" sklag-nr="10507" epost="kine.s.karlsen@gmail.com" fdato="29121986" endeskive="Nei" LS_ovelse="KUR" klasse="5" klasse-felt="" klasse-skogslop="" kat-mf="1" kat-mb="1" kat-k="1" kat-l="0" kat-a="0" kat-n="0" kat-ft="" kat-22="0" kat-luft="0" gruppe="" />
    <paamelding-skytter lag="14" skive="14" medlemsid="1653989" fornavn="Miklas Ellingsen" etternavn="Brunes" sklag-nr="10584" epost="mikbru@online.no" fdato="17061993" endeskive="Nei" LS_ovelse="LSA" klasse="5" klasse-felt="" klasse-skogslop="" kat-mf="0" kat-mb="0" kat-k="0" kat-l="0" kat-a="0" kat-n="0" kat-ft="" kat-22="0" kat-luft="0" gruppe="" />
    <paamelding-skytter lag="14" skive="15" medlemsid="1098813" fornavn="Simon Anfeldt" etternavn="Røstad" sklag-nr="10502" epost="SimonShooter@hotmail.com" fdato="23041998" endeskive="Nei" LS_ovelse="LSA" klasse="5" klasse-felt="" klasse-skogslop="" kat-mf="0" kat-mb="1" kat-k="0" kat-l="0" kat-a="1" kat-n="0" kat-ft="" kat-22="0" kat-luft="0" gruppe="" />
    <paamelding-skytter lag="14" skive="16" medlemsid="160986" fornavn="Kjell Arild" etternavn="Høgda" sklag-nr="10747" epost="kjella@norut.no" fdato="19021962" endeskive="Nei" LS_ovelse="KUR" klasse="5" klasse-felt="" klasse-skogslop="" kat-mf="1" kat-mb="0" kat-k="0" kat-l="0" kat-a="0" kat-n="1" kat-ft="" kat-22="0" kat-luft="0" gruppe="" />
    <paamelding-skytter lag="14" skive="17" medlemsid="371013" fornavn="Klaus-Arne" etternavn="Olsen" sklag-nr="10733" epost="klausarne@hotmail.com" fdato="11041970" endeskive="Nei" LS_ovelse="LSA" klasse="5" klasse-felt="" klasse-skogslop="" kat-mf="1" kat-mb="1" kat-k="0" kat-l="0" kat-a="0" kat-n="0" kat-ft="" kat-22="0" kat-luft="0" gruppe="" />
    <paamelding-skytter lag="14" skive="18" medlemsid="1651868" fornavn="Ole Ragnar Hareide" etternavn="Hansen" sklag-nr="10584" epost="olerhh@online.no" fdato="10111978" endeskive="Nei" LS_ovelse="KUR" klasse="5" klasse-felt="" klasse-skogslop="" kat-mf="0" kat-mb="0" kat-k="0" kat-l="0" kat-a="0" kat-n="0" kat-ft="" kat-22="0" kat-luft="0" gruppe="" />
    <paamelding-skytter lag="14" skive="19" medlemsid="1653757" fornavn="Ingvill" etternavn="Tobiassen" sklag-nr="10584" epost="inmato@hotmail.no" fdato="17021999" endeskive="Nei" LS_ovelse="LSA" klasse="5" klasse-felt="" klasse-skogslop="" kat-mf="0" kat-mb="0" kat-k="1" kat-l="0" kat-a="1" kat-n="0" kat-ft="" kat-22="0" kat-luft="0" gruppe="" />
    <paamelding-skytter lag="14" skive="20" medlemsid="1878628" fornavn="Thomas" etternavn="Sørfjord" sklag-nr="10593" epost="thomas.sorfjord@gmail.com" fdato="10121986" endeskive="Nei" LS_ovelse="LSA" klasse="5" klasse-felt="" klasse-skogslop="" kat-mf="0" kat-mb="0" kat-k="0" kat-l="1" kat-a="0" kat-n="0" kat-ft="" kat-22="0" kat-luft="0" gruppe="" />
    <paamelding-skytter lag="15" skive="1" medlemsid="1414739" fornavn="Anders" etternavn="Andfjell Rakvaag" sklag-nr="10499" epost="anders.rakvaag1990@hotmail.no" fdato="05111990" endeskive="Nei" LS_ovelse="LSA" klasse="5" klasse-felt="" klasse-skogslop="" kat-mf="0" kat-mb="0" kat-k="0" kat-l="0" kat-a="0" kat-n="0" kat-ft="" kat-22="0" kat-luft="0" gruppe="" />
    <paamelding-skytter lag="15" skive="2" medlemsid="1689892" fornavn="Ingeborg Aune" etternavn="Jørgensen" sklag-nr="10583" epost="" fdato="19031996" endeskive="Nei" LS_ovelse="KUR" klasse="5" klasse-felt="" klasse-skogslop="" kat-mf="1" kat-mb="1" kat-k="1" kat-l="0" kat-a="0" kat-n="0" kat-ft="" kat-22="0" kat-luft="0" gruppe="" />
    <paamelding-skytter lag="15" skive="3" medlemsid="1460526" fornavn="Tom Marius Gjertsen" etternavn="Kalvik" sklag-nr="10470" epost="tom_mgk@hotmail.com" fdato="25021986" endeskive="Nei" LS_ovelse="KUR" klasse="5" klasse-felt="" klasse-skogslop="" kat-mf="1" kat-mb="1" kat-k="0" kat-l="0" kat-a="0" kat-n="0" kat-ft="" kat-22="0" kat-luft="0" gruppe="" />
    <paamelding-skytter lag="15" skive="4" medlemsid="1460518" fornavn="John Olav" etternavn="Solaas" sklag-nr="10470" epost="john_solaas@hotmail.com" fdato="01121983" endeskive="Nei" LS_ovelse="KUR" klasse="5" klasse-felt="" klasse-skogslop="" kat-mf="1" kat-mb="0" kat-k="0" kat-l="0" kat-a="0" kat-n="0" kat-ft="" kat-22="0" kat-luft="0" gruppe="" />
    <paamelding-skytter lag="15" skive="5" medlemsid="367359" fornavn="Tor-Erik" etternavn="Fossli" sklag-nr="10733" epost="tor-erik.fossli@uit.no" fdato="24041968" endeskive="Nei" LS_ovelse="LSA" klasse="5" klasse-felt="" klasse-skogslop="" kat-mf="1" kat-mb="1" kat-k="0" kat-l="0" kat-a="0" kat-n="0" kat-ft="" kat-22="0" kat-luft="0" gruppe="" />
    <paamelding-skytter lag="15" skive="6" medlemsid="162032" fornavn="Tor-Erik" etternavn="Iversen" sklag-nr="10843" epost="torerikiversen@gmail.com" fdato="02101979" endeskive="Nei" LS_ovelse="KUR" klasse="5" klasse-felt="" klasse-skogslop="" kat-mf="1" kat-mb="1" kat-k="0" kat-l="0" kat-a="0" kat-n="0" kat-ft="" kat-22="0" kat-luft="0" gruppe="" />
    <paamelding-skytter lag="15" skive="7" medlemsid="1546266" fornavn="Tom" etternavn="Karlsen" sklag-nr="10507" epost="2mka@online.no" fdato="07051958" endeskive="Nei" LS_ovelse="KUR" klasse="5" klasse-felt="" klasse-skogslop="" kat-mf="0" kat-mb="1" kat-k="0" kat-l="0" kat-a="0" kat-n="1" kat-ft="" kat-22="0" kat-luft="0" gruppe="" />
    <paamelding-skytter lag="15" skive="8" medlemsid="104166" fornavn="Tommy" etternavn="Opdalshei" sklag-nr="10501" epost="tommy.opdalshei@online.no" fdato="07091977" endeskive="Nei" LS_ovelse="KUR" klasse="5" klasse-felt="" klasse-skogslop="" kat-mf="1" kat-mb="0" kat-k="0" kat-l="0" kat-a="0" kat-n="0" kat-ft="" kat-22="0" kat-luft="0" gruppe="" />
    <paamelding-skytter lag="15" skive="9" medlemsid="1551126" fornavn="Ørjan Svartisdal" etternavn="Karlsen" sklag-nr="10507" epost="" fdato="12041993" endeskive="Nei" LS_ovelse="KUR" klasse="5" klasse-felt="" klasse-skogslop="" kat-mf="0" kat-mb="1" kat-k="0" kat-l="0" kat-a="0" kat-n="0" kat-ft="" kat-22="0" kat-luft="0" gruppe="" />
    <paamelding-skytter lag="15" skive="10" medlemsid="1189497" fornavn="Erlend Burø" etternavn="Sæther" sklag-nr="10840" epost="erlendsaether@hotmail.com" fdato="12041998" endeskive="Nei" LS_ovelse="LSA" klasse="5" klasse-felt="" klasse-skogslop="" kat-mf="1" kat-mb="0" kat-k="0" kat-l="0" kat-a="1" kat-n="0" kat-ft="" kat-22="0" kat-luft="0" gruppe="" />
    <paamelding-skytter lag="15" skive="11" medlemsid="1005206" fornavn="Gro" etternavn="Bjerregaard" sklag-nr="10754" epost="g-bjerr@online.no" fdato="03111973" endeskive="Nei" LS_ovelse="KUR" klasse="5" klasse-felt="" klasse-skogslop="" kat-mf="0" kat-mb="1" kat-k="1" kat-l="0" kat-a="0" kat-n="0" kat-ft="" kat-22="0" kat-luft="0" gruppe="" />
    <paamelding-skytter lag="15" skive="12" medlemsid="1689850" fornavn="Arnt Erik" etternavn="Aune" sklag-nr="10583" epost="arnt.erik.aune@wideroe.no" fdato="26031968" endeskive="Nei" LS_ovelse="LSA" klasse="5" klasse-felt="" klasse-skogslop="" kat-mf="1" kat-mb="1" kat-k="0" kat-l="0" kat-a="0" kat-n="0" kat-ft="" kat-22="0" kat-luft="0" gruppe="" />
    <paamelding-skytter lag="15" skive="13" medlemsid="549113" fornavn="Atalie" etternavn="Pedersen" sklag-nr="10455" epost="atalienp@gmail.com" fdato="28061996" endeskive="Nei" LS_ovelse="KUR" klasse="5" klasse-felt="" klasse-skogslop="" kat-mf="0" kat-mb="0" kat-k="1" kat-l="0" kat-a="0" kat-n="0" kat-ft="" kat-22="0" kat-luft="0" gruppe="" />
    <paamelding-skytter lag="15" skive="14" medlemsid="367383" fornavn="Sveinung" etternavn="Kvamme" sklag-nr="10733" epost="svkvamm2@online.no" fdato="18011960" endeskive="Nei" LS_ovelse="LSA" klasse="5" klasse-felt="" klasse-skogslop="" kat-mf="1" kat-mb="1" kat-k="0" kat-l="0" kat-a="0" kat-n="1" kat-ft="" kat-22="0" kat-luft="0" gruppe="" />
    <paamelding-skytter lag="15" skive="15" medlemsid="1571363" fornavn="Jørn Arve" etternavn="Vedhugnes" sklag-nr="10127" epost="vedhugnes@hotmail.com" fdato="04061976" endeskive="Nei" LS_ovelse="KUR" klasse="5" klasse-felt="" klasse-skogslop="" kat-mf="1" kat-mb="1" kat-k="0" kat-l="0" kat-a="0" kat-n="0" kat-ft="" kat-22="0" kat-luft="0" gruppe="" />
    <paamelding-skytter lag="15" skive="16" medlemsid="1625276" fornavn="Gøran" etternavn="Helgesen" sklag-nr="10594" epost="goran@dahlbygg.no" fdato="02051990" endeskive="Nei" LS_ovelse="KUR" klasse="5" klasse-felt="" klasse-skogslop="" kat-mf="0" kat-mb="1" kat-k="0" kat-l="0" kat-a="0" kat-n="0" kat-ft="" kat-22="0" kat-luft="0" gruppe="" />
    <paamelding-skytter lag="15" skive="17" medlemsid="1651785" fornavn="Bård Johan" etternavn="Furnes" sklag-nr="10584" epost="bardfurnes@gmail.com" fdato="10041967" endeskive="Nei" LS_ovelse="KUR" klasse="5" klasse-felt="" klasse-skogslop="" kat-mf="1" kat-mb="1" kat-k="0" kat-l="0" kat-a="0" kat-n="0" kat-ft="" kat-22="0" kat-luft="0" gruppe="" />
    <paamelding-skytter lag="15" skive="18" medlemsid="545582" fornavn="Anders" etternavn="Kruhaug" sklag-nr="10455" epost="akruha@online.no" fdato="04081963" endeskive="Nei" LS_ovelse="KUR" klasse="5" klasse-felt="" klasse-skogslop="" kat-mf="1" kat-mb="1" kat-k="0" kat-l="1" kat-a="0" kat-n="1" kat-ft="" kat-22="0" kat-luft="0" gruppe="" />
    <paamelding-skytter lag="15" skive="19" medlemsid="1042365" fornavn="Arnulf" etternavn="Losvar" sklag-nr="10846" epost="arnulf.losvar@fefo.no" fdato="18061960" endeskive="Nei" LS_ovelse="LSA" klasse="5" klasse-felt="" klasse-skogslop="" kat-mf="1" kat-mb="1" kat-k="0" kat-l="1" kat-a="0" kat-n="1" kat-ft="" kat-22="0" kat-luft="0" gruppe="" />
  </ovelse>
</paamelding>