﻿<?xml version="1.0" encoding="utf-8" standalone="yes"?>
<paamelding stevnenavn="Landsdelskretsstevne Nord-Norge 2018" stevnenummer="180210" arrangor="10584" stevnestart="27.06.2018" stevneslutt="30.06.2018">
  <ovelse id="FE" hold="Fin felt" stang="0" felthurtig="0" minne="0">
    <lag navn="" lagnr="1" dato="29.06.2018" kl-skytetid="08:00" kl-opprop="07:40" />
    <lag navn="" lagnr="2" dato="29.06.2018" kl-skytetid="08:30" kl-opprop="08:10" />
    <lag navn="" lagnr="3" dato="29.06.2018" kl-skytetid="09:00" kl-opprop="08:40" />
    <lag navn="" lagnr="4" dato="29.06.2018" kl-skytetid="09:30" kl-opprop="09:10" />
    <lag navn="" lagnr="5" dato="29.06.2018" kl-skytetid="10:00" kl-opprop="09:40" />
    <lag navn="" lagnr="6" dato="29.06.2018" kl-skytetid="10:30" kl-opprop="10:10" />
    <lag navn="" lagnr="7" dato="29.06.2018" kl-skytetid="11:00" kl-opprop="10:40" />
    <lag navn="" lagnr="8" dato="29.06.2018" kl-skytetid="11:30" kl-opprop="11:10" />
    <lag navn="" lagnr="9" dato="29.06.2018" kl-skytetid="12:00" kl-opprop="11:40" />
    <lag navn="" lagnr="10" dato="29.06.2018" kl-skytetid="12:30" kl-opprop="12:10" />
    <lag navn="" lagnr="11" dato="29.06.2018" kl-skytetid="13:00" kl-opprop="12:40" />
    <lag navn="" lagnr="12" dato="29.06.2018" kl-skytetid="13:30" kl-opprop="13:10" />
    <lag navn="" lagnr="13" dato="29.06.2018" kl-skytetid="14:00" kl-opprop="13:40" />
    <lag navn="" lagnr="14" dato="29.06.2018" kl-skytetid="14:30" kl-opprop="14:10" />
    <lag navn="" lagnr="15" dato="29.06.2018" kl-skytetid="15:00" kl-opprop="14:40" />
    <lag navn="" lagnr="16" dato="29.06.2018" kl-skytetid="15:30" kl-opprop="15:10" />
    <lag navn="" lagnr="17" dato="29.06.2018" kl-skytetid="16:00" kl-opprop="15:40" />
    <paamelding-skytter lag="1" skive="1" medlemsid="1367895" fornavn="Jan Erik" etternavn="Sørdal" sklag-nr="10591" epost="janeriksordal@hotmail.no" fdato="19111949" endeskive="Nei" LS_ovelse="LSA" klasse="V65" klasse-felt="" klasse-skogslop="" kat-mf="0" kat-mb="0" kat-k="0" kat-l="0" kat-a="0" kat-n="0" kat-ft="" kat-22="0" kat-luft="0" gruppe="" />
    <paamelding-skytter lag="1" skive="2" medlemsid="876318" fornavn="Lars" etternavn="Nordhuus" sklag-nr="10802" epost="lars@nordhuus.no" fdato="17101947" endeskive="Nei" LS_ovelse="KUR" klasse="V65" klasse-felt="" klasse-skogslop="" kat-mf="0" kat-mb="1" kat-k="0" kat-l="0" kat-a="0" kat-n="0" kat-ft="" kat-22="0" kat-luft="0" gruppe="" />
    <paamelding-skytter lag="1" skive="3" medlemsid="1180009" fornavn="Jarle" etternavn="Nilsen" sklag-nr="10587" epost="j-en@online.no" fdato="01011946" endeskive="Nei" LS_ovelse="KUR" klasse="V65" klasse-felt="" klasse-skogslop="" kat-mf="0" kat-mb="0" kat-k="0" kat-l="0" kat-a="0" kat-n="0" kat-ft="" kat-22="0" kat-luft="0" gruppe="" />
    <paamelding-skytter lag="1" skive="4" medlemsid="1470038" fornavn="Karl Einar" etternavn="Westerås" sklag-nr="10744" epost="Karlwe@online.no" fdato="06061946" endeskive="Nei" LS_ovelse="KUR" klasse="V65" klasse-felt="" klasse-skogslop="" kat-mf="0" kat-mb="0" kat-k="0" kat-l="0" kat-a="0" kat-n="0" kat-ft="" kat-22="0" kat-luft="0" gruppe="" />
    <paamelding-skytter lag="1" skive="5" medlemsid="371047" fornavn="Odd Bjørnar" etternavn="Johansen" sklag-nr="10748" epost="o-bjoha@online.no" fdato="09061950" endeskive="Nei" LS_ovelse="KUR" klasse="V65" klasse-felt="" klasse-skogslop="" kat-mf="0" kat-mb="0" kat-k="0" kat-l="0" kat-a="0" kat-n="0" kat-ft="" kat-22="0" kat-luft="0" gruppe="" />
    <paamelding-skytter lag="1" skive="6" medlemsid="1013739" fornavn="Odd-A." etternavn="Berglund" sklag-nr="10725" epost="Oddasbjo@online.no" fdato="10061949" endeskive="Nei" LS_ovelse="LSA" klasse="V65" klasse-felt="" klasse-skogslop="" kat-mf="0" kat-mb="0" kat-k="0" kat-l="0" kat-a="0" kat-n="0" kat-ft="" kat-22="0" kat-luft="0" gruppe="" />
    <paamelding-skytter lag="1" skive="7" medlemsid="1610799" fornavn="Terje" etternavn="Thorstad" sklag-nr="10600" epost="terjeti100@gmail.com" fdato="25071949" endeskive="Nei" LS_ovelse="KUR" klasse="V65" klasse-felt="" klasse-skogslop="" kat-mf="0" kat-mb="0" kat-k="0" kat-l="0" kat-a="0" kat-n="0" kat-ft="" kat-22="0" kat-luft="0" gruppe="" />
    <paamelding-skytter lag="1" skive="8" medlemsid="602821" fornavn="Per Steinar" etternavn="Nordmo" sklag-nr="10752" epost="per.steinar.nordmo@outlook.com" fdato="20011950" endeskive="Nei" LS_ovelse="LSA" klasse="V65" klasse-felt="" klasse-skogslop="" kat-mf="0" kat-mb="0" kat-k="0" kat-l="0" kat-a="0" kat-n="0" kat-ft="" kat-22="0" kat-luft="0" gruppe="" />
    <paamelding-skytter lag="1" skive="9" medlemsid="1545946" fornavn="Per Edvard" etternavn="Magnussen" sklag-nr="2180115" epost="edvamag@online.no" fdato="11041952" endeskive="Nei" LS_ovelse="KUR" klasse="V65" klasse-felt="" klasse-skogslop="" kat-mf="0" kat-mb="0" kat-k="0" kat-l="0" kat-a="0" kat-n="0" kat-ft="" kat-22="0" kat-luft="0" gruppe="" />
    <paamelding-skytter lag="1" skive="10" medlemsid="1570191" fornavn="Egil" etternavn="Olli" sklag-nr="10849" epost="egilolli406@gmail.com" fdato="13101949" endeskive="Nei" LS_ovelse="LSA" klasse="V65" klasse-felt="" klasse-skogslop="" kat-mf="0" kat-mb="0" kat-k="0" kat-l="0" kat-a="0" kat-n="0" kat-ft="" kat-22="0" kat-luft="0" gruppe="" />
    <paamelding-skytter lag="1" skive="11" medlemsid="1612712" fornavn="Will-Arne" etternavn="Jakobsen" sklag-nr="10844" epost="will.arne.jakobsen@vkbb.no" fdato="16101949" endeskive="Nei" LS_ovelse="KUR" klasse="V65" klasse-felt="" klasse-skogslop="" kat-mf="0" kat-mb="0" kat-k="0" kat-l="0" kat-a="0" kat-n="0" kat-ft="" kat-22="0" kat-luft="0" gruppe="" />
    <paamelding-skytter lag="1" skive="12" medlemsid="1483031" fornavn="Roald" etternavn="Hoseth" sklag-nr="10461" epost="hosethroald@gmail.com" fdato="30041946" endeskive="Nei" LS_ovelse="LSA" klasse="V65" klasse-felt="" klasse-skogslop="" kat-mf="0" kat-mb="0" kat-k="0" kat-l="1" kat-a="0" kat-n="0" kat-ft="" kat-22="0" kat-luft="0" gruppe="" />
    <paamelding-skytter lag="2" skive="1" medlemsid="1502665" fornavn="Lillian" etternavn="Herring" sklag-nr="10801" epost="lillianherring@hotmail.no" fdato="09071953" endeskive="Nei" LS_ovelse="LSA" klasse="V65" klasse-felt="" klasse-skogslop="" kat-mf="0" kat-mb="0" kat-k="1" kat-l="0" kat-a="0" kat-n="0" kat-ft="" kat-22="0" kat-luft="0" gruppe="" />
    <paamelding-skytter lag="2" skive="2" medlemsid="1368109" fornavn="Kjell" etternavn="Hansen" sklag-nr="10591" epost="" fdato="04071946" endeskive="Nei" LS_ovelse="KUR" klasse="V65" klasse-felt="" klasse-skogslop="" kat-mf="0" kat-mb="0" kat-k="0" kat-l="0" kat-a="0" kat-n="0" kat-ft="" kat-22="0" kat-luft="0" gruppe="" />
    <paamelding-skytter lag="2" skive="3" medlemsid="1738608" fornavn="Aksel" etternavn="Skoglund" sklag-nr="10583" epost="arntjo_skog@hotmail.com" fdato="17091946" endeskive="Nei" LS_ovelse="KUR" klasse="V65" klasse-felt="" klasse-skogslop="" kat-mf="0" kat-mb="0" kat-k="0" kat-l="0" kat-a="0" kat-n="0" kat-ft="" kat-22="0" kat-luft="0" gruppe="" />
    <paamelding-skytter lag="2" skive="4" medlemsid="1098029" fornavn="Eldor" etternavn="Jørgensen" sklag-nr="10502" epost="pjoerge@online.no" fdato="14041947" endeskive="Nei" LS_ovelse="LSA" klasse="V65" klasse-felt="" klasse-skogslop="" kat-mf="0" kat-mb="0" kat-k="0" kat-l="0" kat-a="0" kat-n="0" kat-ft="" kat-22="0" kat-luft="0" gruppe="" />
    <paamelding-skytter lag="2" skive="5" medlemsid="161612" fornavn="Tore Knut" etternavn="Larsen" sklag-nr="10733" epost="tolarse@gmail.com" fdato="31101952" endeskive="Nei" LS_ovelse="KUR" klasse="V65" klasse-felt="" klasse-skogslop="" kat-mf="0" kat-mb="0" kat-k="0" kat-l="0" kat-a="0" kat-n="0" kat-ft="" kat-22="0" kat-luft="0" gruppe="" />
    <paamelding-skytter lag="2" skive="6" medlemsid="299461" fornavn="Torfinn" etternavn="Hoff" sklag-nr="10804" epost="" fdato="21121949" endeskive="Nei" LS_ovelse="KUR" klasse="V65" klasse-felt="" klasse-skogslop="" kat-mf="0" kat-mb="0" kat-k="0" kat-l="0" kat-a="0" kat-n="0" kat-ft="" kat-22="0" kat-luft="0" gruppe="" />
    <paamelding-skytter lag="2" skive="7" medlemsid="1414655" fornavn="Brynjar Leif" etternavn="Rødahl" sklag-nr="10499" epost="blrodahl@online.no" fdato="21121950" endeskive="Nei" LS_ovelse="KUR" klasse="V65" klasse-felt="" klasse-skogslop="" kat-mf="0" kat-mb="0" kat-k="0" kat-l="0" kat-a="0" kat-n="0" kat-ft="" kat-22="0" kat-luft="0" gruppe="" />
    <paamelding-skytter lag="2" skive="8" medlemsid="1180017" fornavn="Kristian" etternavn="Hansen" sklag-nr="10587" epost="kristian.hansen@trollfjord.no" fdato="03101949" endeskive="Nei" LS_ovelse="KUR" klasse="V65" klasse-felt="" klasse-skogslop="" kat-mf="0" kat-mb="0" kat-k="0" kat-l="0" kat-a="0" kat-n="0" kat-ft="" kat-22="0" kat-luft="0" gruppe="" />
    <paamelding-skytter lag="2" skive="9" medlemsid="2430650" fornavn="Arild" etternavn="Fjellaksel" sklag-nr="10456" epost="afjellaksel@gmail.com" fdato="22091950" endeskive="Nei" LS_ovelse="KUR" klasse="V65" klasse-felt="" klasse-skogslop="" kat-mf="0" kat-mb="0" kat-k="0" kat-l="0" kat-a="0" kat-n="0" kat-ft="" kat-22="0" kat-luft="0" gruppe="" />
    <paamelding-skytter lag="2" skive="10" medlemsid="991133" fornavn="Otto" etternavn="Vestheim" sklag-nr="10748" epost="ovestheim@gmail.com" fdato="25041946" endeskive="Nei" LS_ovelse="LSA" klasse="V65" klasse-felt="" klasse-skogslop="" kat-mf="0" kat-mb="0" kat-k="0" kat-l="0" kat-a="0" kat-n="0" kat-ft="" kat-22="0" kat-luft="0" gruppe="" />
    <paamelding-skytter lag="2" skive="11" medlemsid="1255454" fornavn="Svein-Erik" etternavn="Rognli" sklag-nr="10749" epost="serognli@gmail.com" fdato="26021947" endeskive="Nei" LS_ovelse="LSA" klasse="V65" klasse-felt="" klasse-skogslop="" kat-mf="0" kat-mb="0" kat-k="0" kat-l="0" kat-a="0" kat-n="0" kat-ft="" kat-22="0" kat-luft="0" gruppe="" />
    <paamelding-skytter lag="2" skive="12" medlemsid="546010" fornavn="Svein Inge" etternavn="Nordkild" sklag-nr="10455" epost="sinordkild@gmail.com" fdato="22011950" endeskive="Nei" LS_ovelse="LSA" klasse="V65" klasse-felt="" klasse-skogslop="" kat-mf="0" kat-mb="0" kat-k="0" kat-l="0" kat-a="0" kat-n="0" kat-ft="" kat-22="0" kat-luft="0" gruppe="" />
    <paamelding-skytter lag="3" skive="1" medlemsid="1700830" fornavn="Svein Arne" etternavn="Ivarrud" sklag-nr="10810" epost="sivarrud@online.no" fdato="07081946" endeskive="Nei" LS_ovelse="KUR" klasse="V65" klasse-felt="" klasse-skogslop="" kat-mf="0" kat-mb="0" kat-k="0" kat-l="0" kat-a="0" kat-n="0" kat-ft="" kat-22="0" kat-luft="0" gruppe="" />
    <paamelding-skytter lag="3" skive="2" medlemsid="1436633" fornavn="Svein" etternavn="Bråten" sklag-nr="10804" epost="" fdato="27011950" endeskive="Nei" LS_ovelse="KUR" klasse="V65" klasse-felt="" klasse-skogslop="" kat-mf="0" kat-mb="0" kat-k="0" kat-l="0" kat-a="0" kat-n="0" kat-ft="" kat-22="0" kat-luft="0" gruppe="" />
    <paamelding-skytter lag="4" skive="1" medlemsid="2396554" fornavn="Magnus Ramstad" etternavn="Ysland" sklag-nr="10584" epost="koysland@gmail.com" fdato="27042006" endeskive="Nei" LS_ovelse="KUR" klasse="R" klasse-felt="" klasse-skogslop="" kat-mf="0" kat-mb="0" kat-k="0" kat-l="0" kat-a="0" kat-n="0" kat-ft="" kat-22="0" kat-luft="0" gruppe="" />
    <paamelding-skytter lag="4" skive="2" medlemsid="2289734" fornavn="Sander" etternavn="Haugbakken" sklag-nr="10811" epost="" fdato="09022005" endeskive="Nei" LS_ovelse="KUR" klasse="R" klasse-felt="" klasse-skogslop="" kat-mf="0" kat-mb="0" kat-k="0" kat-l="0" kat-a="0" kat-n="0" kat-ft="" kat-22="0" kat-luft="0" gruppe="" />
    <paamelding-skytter lag="4" skive="3" medlemsid="2540938" fornavn="Marthe" etternavn="Heggem Eira" sklag-nr="10853" epost="ivar@elektrikeren.as" fdato="21072006" endeskive="Nei" LS_ovelse="KUR" klasse="R" klasse-felt="" klasse-skogslop="" kat-mf="0" kat-mb="0" kat-k="1" kat-l="0" kat-a="0" kat-n="0" kat-ft="" kat-22="1" kat-luft="1" gruppe="" />
    <paamelding-skytter lag="4" skive="4" medlemsid="2427599" fornavn="Gabriel Stenseng" etternavn="Grav" sklag-nr="10459" epost="b.stenseng@gmail.com" fdato="04052006" endeskive="Nei" LS_ovelse="KUR" klasse="R" klasse-felt="" klasse-skogslop="" kat-mf="0" kat-mb="0" kat-k="0" kat-l="0" kat-a="0" kat-n="0" kat-ft="" kat-22="1" kat-luft="1" gruppe="" />
    <paamelding-skytter lag="4" skive="5" medlemsid="2434108" fornavn="Mathilde" etternavn="Nordheim" sklag-nr="10507" epost="maicatrin@gmail.com" fdato="16082005" endeskive="Nei" LS_ovelse="KUR" klasse="R" klasse-felt="" klasse-skogslop="" kat-mf="0" kat-mb="0" kat-k="1" kat-l="0" kat-a="0" kat-n="0" kat-ft="" kat-22="0" kat-luft="0" gruppe="" />
    <paamelding-skytter lag="4" skive="6" medlemsid="2222446" fornavn="Sáve" etternavn="Malin" sklag-nr="10127" epost="toemalin@gmail.com" fdato="17102006" endeskive="Nei" LS_ovelse="LSA" klasse="R" klasse-felt="" klasse-skogslop="" kat-mf="0" kat-mb="0" kat-k="1" kat-l="0" kat-a="0" kat-n="0" kat-ft="" kat-22="1" kat-luft="1" gruppe="" />
    <paamelding-skytter lag="4" skive="7" medlemsid="2536175" fornavn="Benedikte Amalie" etternavn="Brandtzæg" sklag-nr="10596" epost="eg2brand@me.com" fdato="26032006" endeskive="Nei" LS_ovelse="KUR" klasse="R" klasse-felt="" klasse-skogslop="" kat-mf="0" kat-mb="0" kat-k="1" kat-l="0" kat-a="0" kat-n="0" kat-ft="" kat-22="1" kat-luft="1" gruppe="" />
    <paamelding-skytter lag="4" skive="8" medlemsid="2299063" fornavn="Victoria Iren" etternavn="Leirvoll" sklag-nr="10336" epost="victoria@leirvoll.no" fdato="02072005" endeskive="Nei" LS_ovelse="KUR" klasse="R" klasse-felt="" klasse-skogslop="" kat-mf="0" kat-mb="0" kat-k="1" kat-l="0" kat-a="0" kat-n="0" kat-ft="" kat-22="1" kat-luft="1" gruppe="" />
    <paamelding-skytter lag="4" skive="9" medlemsid="2525095" fornavn="Vilde Stenseng" etternavn="Andreassen" sklag-nr="10459" epost="gerd_sissel_s@hotmail.com" fdato="31082007" endeskive="Nei" LS_ovelse="KUR" klasse="R" klasse-felt="" klasse-skogslop="" kat-mf="0" kat-mb="0" kat-k="1" kat-l="0" kat-a="0" kat-n="0" kat-ft="" kat-22="1" kat-luft="1" gruppe="" />
    <paamelding-skytter lag="4" skive="10" medlemsid="2161610" fornavn="Alvin Nickolai" etternavn="Johansen" sklag-nr="10506" epost="ke-5@online.no" fdato="05102005" endeskive="Nei" LS_ovelse="KUR" klasse="R" klasse-felt="" klasse-skogslop="" kat-mf="0" kat-mb="0" kat-k="0" kat-l="0" kat-a="0" kat-n="0" kat-ft="" kat-22="1" kat-luft="1" gruppe="" />
    <paamelding-skytter lag="4" skive="11" medlemsid="2305761" fornavn="Anna Kristine" etternavn="Svendli" sklag-nr="10744" epost="aksve06@hotmail.com" fdato="19032006" endeskive="Nei" LS_ovelse="KUR" klasse="R" klasse-felt="" klasse-skogslop="" kat-mf="0" kat-mb="0" kat-k="1" kat-l="0" kat-a="0" kat-n="0" kat-ft="" kat-22="0" kat-luft="0" gruppe="" />
    <paamelding-skytter lag="4" skive="12" medlemsid="2531358" fornavn="Ane" etternavn="Nermark" sklag-nr="10470" epost="marianne.nermark@harstad.kommune.no" fdato="14122007" endeskive="Nei" LS_ovelse="LSA" klasse="R" klasse-felt="" klasse-skogslop="" kat-mf="0" kat-mb="0" kat-k="1" kat-l="1" kat-a="0" kat-n="0" kat-ft="" kat-22="1" kat-luft="1" gruppe="" />
    <paamelding-skytter lag="5" skive="1" medlemsid="2532893" fornavn="Antonie Anna" etternavn="Knutsen" sklag-nr="10336" epost="t-an-so@online.no" fdato="15082007" endeskive="Nei" LS_ovelse="LSA" klasse="R" klasse-felt="" klasse-skogslop="" kat-mf="0" kat-mb="0" kat-k="1" kat-l="0" kat-a="0" kat-n="0" kat-ft="" kat-22="1" kat-luft="1" gruppe="" />
    <paamelding-skytter lag="5" skive="2" medlemsid="2533768" fornavn="Sondre" etternavn="Klokkerhaug" sklag-nr="10749" epost="oklokkerhaug@hotmail.com" fdato="02102005" endeskive="Nei" LS_ovelse="LSA" klasse="R" klasse-felt="" klasse-skogslop="" kat-mf="0" kat-mb="0" kat-k="0" kat-l="0" kat-a="0" kat-n="0" kat-ft="" kat-22="1" kat-luft="1" gruppe="" />
    <paamelding-skytter lag="5" skive="3" medlemsid="1969278" fornavn="Sondre Settemsdal" etternavn="Sivertsen" sklag-nr="10733" epost="nod-hans@online.no" fdato="31102006" endeskive="Nei" LS_ovelse="KUR" klasse="R" klasse-felt="" klasse-skogslop="" kat-mf="0" kat-mb="0" kat-k="0" kat-l="0" kat-a="0" kat-n="0" kat-ft="" kat-22="0" kat-luft="0" gruppe="" />
    <paamelding-skytter lag="5" skive="4" medlemsid="2355642" fornavn="Noah" etternavn="Rommetveit" sklag-nr="10596" epost="kjell.sahl@signalbox.no" fdato="03112006" endeskive="Nei" LS_ovelse="KUR" klasse="R" klasse-felt="" klasse-skogslop="" kat-mf="0" kat-mb="0" kat-k="0" kat-l="0" kat-a="0" kat-n="0" kat-ft="" kat-22="1" kat-luft="1" gruppe="" />
    <paamelding-skytter lag="5" skive="5" medlemsid="2183358" fornavn="Tobias Grønås" etternavn="Sollie" sklag-nr="10734" epost="" fdato="07092005" endeskive="Nei" LS_ovelse="KUR" klasse="R" klasse-felt="" klasse-skogslop="" kat-mf="0" kat-mb="0" kat-k="0" kat-l="0" kat-a="0" kat-n="0" kat-ft="" kat-22="0" kat-luft="0" gruppe="" />
    <paamelding-skytter lag="5" skive="6" medlemsid="2525137" fornavn="Fred William Olsen" etternavn="Palmbolm" sklag-nr="10459" epost="elisabethanethe@gmail.com" fdato="03052007" endeskive="Nei" LS_ovelse="KUR" klasse="R" klasse-felt="" klasse-skogslop="" kat-mf="0" kat-mb="0" kat-k="0" kat-l="0" kat-a="0" kat-n="0" kat-ft="" kat-22="1" kat-luft="1" gruppe="" />
    <paamelding-skytter lag="5" skive="7" medlemsid="2563112" fornavn="Erling" etternavn="Halse" sklag-nr="10507" epost="john.gunnar.halse@rana.kommune.no" fdato="18122005" endeskive="Nei" LS_ovelse="KUR" klasse="R" klasse-felt="" klasse-skogslop="" kat-mf="0" kat-mb="0" kat-k="0" kat-l="0" kat-a="0" kat-n="0" kat-ft="" kat-22="1" kat-luft="1" gruppe="" />
    <paamelding-skytter lag="5" skive="8" medlemsid="2096568" fornavn="Synne" etternavn="Lundnes" sklag-nr="10734" epost="" fdato="08052005" endeskive="Nei" LS_ovelse="LSA" klasse="R" klasse-felt="" klasse-skogslop="" kat-mf="0" kat-mb="0" kat-k="1" kat-l="0" kat-a="0" kat-n="0" kat-ft="" kat-22="1" kat-luft="1" gruppe="" />
    <paamelding-skytter lag="6" skive="1" medlemsid="550087" fornavn="Daniel" etternavn="Karolius" sklag-nr="10455" epost="daniel.karolius01@gmail.com" fdato="28022001" endeskive="Nei" LS_ovelse="KUR" klasse="J" klasse-felt="" klasse-skogslop="" kat-mf="0" kat-mb="0" kat-k="0" kat-l="0" kat-a="0" kat-n="0" kat-ft="" kat-22="0" kat-luft="0" gruppe="" />
    <paamelding-skytter lag="6" skive="2" medlemsid="2344448" fornavn="Marina Rognmo" etternavn="Mellem" sklag-nr="10455" epost="Marinamellem01@gmail.com" fdato="29032001" endeskive="Nei" LS_ovelse="KUR" klasse="J" klasse-felt="" klasse-skogslop="" kat-mf="0" kat-mb="0" kat-k="1" kat-l="0" kat-a="0" kat-n="0" kat-ft="" kat-22="0" kat-luft="0" gruppe="" />
    <paamelding-skytter lag="6" skive="3" medlemsid="2316313" fornavn="Maren Forsbakk" etternavn="Jensen" sklag-nr="10508" epost="marenforsbakk@hotmail.no" fdato="03082001" endeskive="Nei" LS_ovelse="LSA" klasse="J" klasse-felt="" klasse-skogslop="" kat-mf="0" kat-mb="0" kat-k="1" kat-l="0" kat-a="0" kat-n="0" kat-ft="" kat-22="0" kat-luft="0" gruppe="" />
    <paamelding-skytter lag="6" skive="4" medlemsid="2480705" fornavn="Mathias Johan" etternavn="Rogne" sklag-nr="10808" epost="" fdato="07082002" endeskive="Nei" LS_ovelse="KUR" klasse="J" klasse-felt="" klasse-skogslop="" kat-mf="0" kat-mb="0" kat-k="0" kat-l="0" kat-a="0" kat-n="0" kat-ft="" kat-22="0" kat-luft="0" gruppe="" />
    <paamelding-skytter lag="6" skive="5" medlemsid="1939891" fornavn="Odd-Anders S" etternavn="Nordheim" sklag-nr="10507" epost="roy.nordheim@gmail.com" fdato="21042001" endeskive="Nei" LS_ovelse="KUR" klasse="J" klasse-felt="" klasse-skogslop="" kat-mf="0" kat-mb="0" kat-k="0" kat-l="0" kat-a="0" kat-n="0" kat-ft="" kat-22="0" kat-luft="0" gruppe="" />
    <paamelding-skytter lag="6" skive="6" medlemsid="2417764" fornavn="Adrian Johan" etternavn="Jensen" sklag-nr="10596" epost="ole-tommy@hotmail.no" fdato="25062002" endeskive="Nei" LS_ovelse="KUR" klasse="J" klasse-felt="" klasse-skogslop="" kat-mf="0" kat-mb="0" kat-k="0" kat-l="0" kat-a="0" kat-n="0" kat-ft="" kat-22="0" kat-luft="0" gruppe="" />
    <paamelding-skytter lag="6" skive="7" medlemsid="1871490" fornavn="Oddvar" etternavn="Martinussen" sklag-nr="10335" epost="livrandihaugland@gmail.com" fdato="21012001" endeskive="Nei" LS_ovelse="KUR" klasse="J" klasse-felt="" klasse-skogslop="" kat-mf="0" kat-mb="0" kat-k="0" kat-l="0" kat-a="0" kat-n="0" kat-ft="" kat-22="0" kat-luft="0" gruppe="" />
    <paamelding-skytter lag="6" skive="8" medlemsid="882308" fornavn="Adrian Christoffer" etternavn="Pedersen" sklag-nr="10853" epost="acplaika@gmail.com" fdato="06052002" endeskive="Nei" LS_ovelse="KUR" klasse="J" klasse-felt="" klasse-skogslop="" kat-mf="0" kat-mb="0" kat-k="0" kat-l="0" kat-a="0" kat-n="0" kat-ft="" kat-22="0" kat-luft="0" gruppe="" />
    <paamelding-skytter lag="6" skive="9" medlemsid="1690072" fornavn="Heine" etternavn="Medby" sklag-nr="10455" epost="heine.medby@gmail.com" fdato="22072002" endeskive="Nei" LS_ovelse="KUR" klasse="J" klasse-felt="" klasse-skogslop="" kat-mf="0" kat-mb="0" kat-k="0" kat-l="0" kat-a="0" kat-n="0" kat-ft="" kat-22="0" kat-luft="0" gruppe="" />
    <paamelding-skytter lag="6" skive="10" medlemsid="609081" fornavn="Vebjørn" etternavn="Einarsen" sklag-nr="10728" epost="minibaardsen@gmail.com" fdato="30012001" endeskive="Nei" LS_ovelse="LSA" klasse="J" klasse-felt="" klasse-skogslop="" kat-mf="0" kat-mb="0" kat-k="0" kat-l="0" kat-a="0" kat-n="0" kat-ft="" kat-22="0" kat-luft="0" gruppe="" />
    <paamelding-skytter lag="6" skive="11" medlemsid="1703214" fornavn="Geir" etternavn="Hoseth Karlsen" sklag-nr="10461" epost="geir.r.h.karlsen@gmail.com" fdato="07072001" endeskive="Nei" LS_ovelse="LSA" klasse="J" klasse-felt="" klasse-skogslop="" kat-mf="0" kat-mb="0" kat-k="0" kat-l="0" kat-a="0" kat-n="0" kat-ft="" kat-22="0" kat-luft="0" gruppe="" />
    <paamelding-skytter lag="6" skive="12" medlemsid="1418912" fornavn="Thomas" etternavn="Solås" sklag-nr="10462" epost="" fdato="18032002" endeskive="Nei" LS_ovelse="KUR" klasse="J" klasse-felt="" klasse-skogslop="" kat-mf="0" kat-mb="0" kat-k="0" kat-l="0" kat-a="0" kat-n="0" kat-ft="" kat-22="0" kat-luft="0" gruppe="" />
    <paamelding-skytter lag="7" skive="1" medlemsid="2426070" fornavn="Kim Rune" etternavn="Sagmo" sklag-nr="10801" epost="" fdato="21062002" endeskive="Nei" LS_ovelse="KUR" klasse="J" klasse-felt="" klasse-skogslop="" kat-mf="0" kat-mb="0" kat-k="0" kat-l="0" kat-a="0" kat-n="0" kat-ft="" kat-22="0" kat-luft="0" gruppe="" />
    <paamelding-skytter lag="7" skive="2" medlemsid="2047868" fornavn="Lisa Iren Husnes" etternavn="Larsen" sklag-nr="10507" epost="lisa.husnes110@hotmail.com" fdato="13032001" endeskive="Nei" LS_ovelse="LSA" klasse="J" klasse-felt="" klasse-skogslop="" kat-mf="0" kat-mb="0" kat-k="1" kat-l="0" kat-a="0" kat-n="0" kat-ft="" kat-22="0" kat-luft="0" gruppe="" />
    <paamelding-skytter lag="7" skive="3" medlemsid="2310662" fornavn="Viktoria" etternavn="Pleym Ribe" sklag-nr="10733" epost="vikribe@gmail.com" fdato="12112001" endeskive="Nei" LS_ovelse="KUR" klasse="J" klasse-felt="" klasse-skogslop="" kat-mf="0" kat-mb="0" kat-k="1" kat-l="0" kat-a="0" kat-n="0" kat-ft="" kat-22="0" kat-luft="0" gruppe="" />
    <paamelding-skytter lag="7" skive="4" medlemsid="1271147" fornavn="Sivert" etternavn="Adriansen" sklag-nr="10735" epost="liladri@online.no" fdato="04022002" endeskive="Nei" LS_ovelse="LSA" klasse="J" klasse-felt="" klasse-skogslop="" kat-mf="0" kat-mb="1" kat-k="0" kat-l="0" kat-a="0" kat-n="0" kat-ft="" kat-22="0" kat-luft="0" gruppe="" />
    <paamelding-skytter lag="7" skive="5" medlemsid="1950351" fornavn="Vinjar" etternavn="Holmebukt" sklag-nr="10734" epost="hho40@hotmail.com" fdato="11112001" endeskive="Nei" LS_ovelse="LSA" klasse="J" klasse-felt="" klasse-skogslop="" kat-mf="0" kat-mb="0" kat-k="0" kat-l="0" kat-a="0" kat-n="0" kat-ft="" kat-22="0" kat-luft="0" gruppe="" />
    <paamelding-skytter lag="7" skive="6" medlemsid="966093" fornavn="Eline Johanne" etternavn="Kristiansen" sklag-nr="10597" epost="sk-krist@online.no" fdato="09052002" endeskive="Nei" LS_ovelse="LSA" klasse="J" klasse-felt="" klasse-skogslop="" kat-mf="0" kat-mb="0" kat-k="1" kat-l="0" kat-a="0" kat-n="0" kat-ft="" kat-22="0" kat-luft="0" gruppe="" />
    <paamelding-skytter lag="7" skive="7" medlemsid="2426062" fornavn="Emil Lysøy" etternavn="Wika" sklag-nr="10801" epost="tom.wika@avinor.no" fdato="18102002" endeskive="Nei" LS_ovelse="LSA" klasse="J" klasse-felt="" klasse-skogslop="" kat-mf="0" kat-mb="0" kat-k="0" kat-l="0" kat-a="0" kat-n="0" kat-ft="" kat-22="0" kat-luft="0" gruppe="" />
    <paamelding-skytter lag="7" skive="8" medlemsid="976803" fornavn="Emma" etternavn="Eliassen" sklag-nr="10752" epost="Linda.l.eliassen@gmail.com" fdato="28082002" endeskive="Nei" LS_ovelse="KUR" klasse="J" klasse-felt="" klasse-skogslop="" kat-mf="0" kat-mb="0" kat-k="1" kat-l="0" kat-a="0" kat-n="0" kat-ft="" kat-22="0" kat-luft="0" gruppe="" />
    <paamelding-skytter lag="7" skive="9" medlemsid="2297588" fornavn="Noah" etternavn="Aanonli" sklag-nr="10507" epost="Abjerkli@hotmail.com" fdato="03072001" endeskive="Nei" LS_ovelse="KUR" klasse="J" klasse-felt="" klasse-skogslop="" kat-mf="0" kat-mb="0" kat-k="0" kat-l="0" kat-a="0" kat-n="0" kat-ft="" kat-22="0" kat-luft="0" gruppe="" />
    <paamelding-skytter lag="7" skive="10" medlemsid="1871482" fornavn="Torleif" etternavn="Martinussen" sklag-nr="10335" epost="rvmartin@online.no" fdato="26092002" endeskive="Nei" LS_ovelse="KUR" klasse="J" klasse-felt="" klasse-skogslop="" kat-mf="0" kat-mb="0" kat-k="0" kat-l="0" kat-a="0" kat-n="0" kat-ft="" kat-22="0" kat-luft="0" gruppe="" />
    <paamelding-skytter lag="7" skive="11" medlemsid="977355" fornavn="Torinn" etternavn="Håkstad" sklag-nr="10752" epost="torinnh@gmail.com" fdato="26022002" endeskive="Nei" LS_ovelse="LSA" klasse="J" klasse-felt="" klasse-skogslop="" kat-mf="0" kat-mb="0" kat-k="1" kat-l="0" kat-a="0" kat-n="0" kat-ft="" kat-22="0" kat-luft="0" gruppe="" />
    <paamelding-skytter lag="7" skive="12" medlemsid="1901768" fornavn="Sondre" etternavn="Grønvoll" sklag-nr="10733" epost="dgronvoll@hotmail.no" fdato="16022001" endeskive="Nei" LS_ovelse="LSA" klasse="J" klasse-felt="" klasse-skogslop="" kat-mf="0" kat-mb="0" kat-k="0" kat-l="0" kat-a="0" kat-n="0" kat-ft="" kat-22="0" kat-luft="0" gruppe="" />
    <paamelding-skytter lag="8" skive="1" medlemsid="1553395" fornavn="Arne-Martin" etternavn="Høgås" sklag-nr="10507" epost="arne.martin25@gmail.com" fdato="25022001" endeskive="Nei" LS_ovelse="KUR" klasse="J" klasse-felt="" klasse-skogslop="" kat-mf="0" kat-mb="0" kat-k="0" kat-l="0" kat-a="0" kat-n="0" kat-ft="" kat-22="0" kat-luft="0" gruppe="" />
    <paamelding-skytter lag="8" skive="2" medlemsid="1255843" fornavn="Trygve Andreas" etternavn="Aasland" sklag-nr="10749" epost="toraaas@frisurf.no" fdato="20022001" endeskive="Nei" LS_ovelse="KUR" klasse="J" klasse-felt="" klasse-skogslop="" kat-mf="0" kat-mb="0" kat-k="0" kat-l="0" kat-a="0" kat-n="0" kat-ft="" kat-22="0" kat-luft="0" gruppe="" />
    <paamelding-skytter lag="8" skive="3" medlemsid="1872407" fornavn="Irmelin" etternavn="Kristoffersen" sklag-nr="10583" epost="andre@online.no" fdato="15022001" endeskive="Nei" LS_ovelse="KUR" klasse="J" klasse-felt="" klasse-skogslop="" kat-mf="0" kat-mb="0" kat-k="1" kat-l="0" kat-a="0" kat-n="0" kat-ft="" kat-22="0" kat-luft="0" gruppe="" />
    <paamelding-skytter lag="8" skive="4" medlemsid="1654557" fornavn="Runar" etternavn="Tobiassen" sklag-nr="10584" epost="Thor-at@online.no" fdato="09082001" endeskive="Nei" LS_ovelse="LSA" klasse="J" klasse-felt="" klasse-skogslop="" kat-mf="0" kat-mb="0" kat-k="0" kat-l="0" kat-a="0" kat-n="0" kat-ft="" kat-22="0" kat-luft="0" gruppe="" />
    <paamelding-skytter lag="8" skive="5" medlemsid="1653781" fornavn="Julian Brunes" etternavn="Ellingsen" sklag-nr="10584" epost="" fdato="05012001" endeskive="Nei" LS_ovelse="LSA" klasse="J" klasse-felt="" klasse-skogslop="" kat-mf="0" kat-mb="0" kat-k="0" kat-l="0" kat-a="0" kat-n="0" kat-ft="" kat-22="0" kat-luft="0" gruppe="" />
    <paamelding-skytter lag="9" skive="1" medlemsid="2397859" fornavn="Martin Andre" etternavn="Henriksen" sklag-nr="10841" epost="t-and-he@online.no" fdato="18032004" endeskive="Nei" LS_ovelse="KUR" klasse="ER" klasse-felt="" klasse-skogslop="" kat-mf="0" kat-mb="0" kat-k="0" kat-l="0" kat-a="0" kat-n="0" kat-ft="" kat-22="0" kat-luft="0" gruppe="" />
    <paamelding-skytter lag="9" skive="2" medlemsid="2300580" fornavn="Carl" etternavn="Konow" sklag-nr="10506" epost="konow@hotmail.no" fdato="04032003" endeskive="Nei" LS_ovelse="KUR" klasse="ER" klasse-felt="" klasse-skogslop="" kat-mf="0" kat-mb="0" kat-k="0" kat-l="0" kat-a="0" kat-n="0" kat-ft="" kat-22="0" kat-luft="0" gruppe="" />
    <paamelding-skytter lag="9" skive="3" medlemsid="2266955" fornavn="Magnus" etternavn="Sivertsen" sklag-nr="10587" epost="" fdato="01012004" endeskive="Nei" LS_ovelse="KUR" klasse="ER" klasse-felt="" klasse-skogslop="" kat-mf="0" kat-mb="0" kat-k="0" kat-l="0" kat-a="0" kat-n="0" kat-ft="" kat-22="0" kat-luft="0" gruppe="" />
    <paamelding-skytter lag="9" skive="4" medlemsid="2227593" fornavn="Mats" etternavn="Kjerrvang" sklag-nr="10507" epost="kirsti.baadstrand@gmail.com" fdato="05072003" endeskive="Nei" LS_ovelse="LSA" klasse="ER" klasse-felt="" klasse-skogslop="" kat-mf="0" kat-mb="0" kat-k="0" kat-l="0" kat-a="0" kat-n="0" kat-ft="" kat-22="0" kat-luft="0" gruppe="" />
    <paamelding-skytter lag="9" skive="5" medlemsid="2191468" fornavn="Kaja Helene" etternavn="Remmen" sklag-nr="10506" epost="geir-a.remmen@mesta.no" fdato="02022003" endeskive="Nei" LS_ovelse="LSA" klasse="ER" klasse-felt="" klasse-skogslop="" kat-mf="0" kat-mb="0" kat-k="1" kat-l="0" kat-a="0" kat-n="0" kat-ft="" kat-22="0" kat-luft="0" gruppe="" />
    <paamelding-skytter lag="9" skive="6" medlemsid="2102689" fornavn="Nathalie J." etternavn="Losvar" sklag-nr="10846" epost="arnulf.losvar@fefo.no" fdato="30092003" endeskive="Nei" LS_ovelse="LSA" klasse="ER" klasse-felt="" klasse-skogslop="" kat-mf="0" kat-mb="0" kat-k="1" kat-l="0" kat-a="0" kat-n="0" kat-ft="" kat-22="0" kat-luft="0" gruppe="" />
    <paamelding-skytter lag="9" skive="7" medlemsid="2115293" fornavn="Carina" etternavn="Ysland" sklag-nr="10584" epost="Merethe.ysland@gmail.com" fdato="12112003" endeskive="Nei" LS_ovelse="KUR" klasse="ER" klasse-felt="" klasse-skogslop="" kat-mf="0" kat-mb="0" kat-k="1" kat-l="0" kat-a="0" kat-n="0" kat-ft="" kat-22="0" kat-luft="0" gruppe="" />
    <paamelding-skytter lag="9" skive="8" medlemsid="2131217" fornavn="Maria" etternavn="Hasselberg" sklag-nr="10600" epost="mon_moen@hotmail.com" fdato="22122003" endeskive="Nei" LS_ovelse="KUR" klasse="ER" klasse-felt="" klasse-skogslop="" kat-mf="0" kat-mb="0" kat-k="1" kat-l="0" kat-a="0" kat-n="0" kat-ft="" kat-22="0" kat-luft="0" gruppe="" />
    <paamelding-skytter lag="9" skive="9" medlemsid="2165363" fornavn="Mats" etternavn="Hjartland" sklag-nr="10502" epost="" fdato="10092003" endeskive="Nei" LS_ovelse="LSA" klasse="ER" klasse-felt="" klasse-skogslop="" kat-mf="0" kat-mb="0" kat-k="0" kat-l="0" kat-a="0" kat-n="0" kat-ft="" kat-22="0" kat-luft="0" gruppe="" />
    <paamelding-skytter lag="9" skive="10" medlemsid="2182434" fornavn="Kevin V." etternavn="Grav" sklag-nr="10842" epost="steinar.vollan@gmail.com" fdato="03082003" endeskive="Nei" LS_ovelse="KUR" klasse="ER" klasse-felt="" klasse-skogslop="" kat-mf="0" kat-mb="0" kat-k="0" kat-l="0" kat-a="0" kat-n="0" kat-ft="" kat-22="0" kat-luft="0" gruppe="" />
    <paamelding-skytter lag="9" skive="11" medlemsid="2385284" fornavn="Vetle" etternavn="Kosmo" sklag-nr="10592" epost="" fdato="15032004" endeskive="Nei" LS_ovelse="LSA" klasse="ER" klasse-felt="" klasse-skogslop="" kat-mf="0" kat-mb="0" kat-k="0" kat-l="0" kat-a="0" kat-n="0" kat-ft="" kat-22="0" kat-luft="0" gruppe="" />
    <paamelding-skytter lag="9" skive="12" medlemsid="2029106" fornavn="Nikolai" etternavn="Fagerbakk  Larsen" sklag-nr="10594" epost="no5nfl@gmail.com" fdato="30012003" endeskive="Nei" LS_ovelse="LSA" klasse="ER" klasse-felt="" klasse-skogslop="" kat-mf="0" kat-mb="0" kat-k="0" kat-l="1" kat-a="0" kat-n="0" kat-ft="" kat-22="0" kat-luft="0" gruppe="" />
    <paamelding-skytter lag="10" skive="1" medlemsid="1730324" fornavn="Henning" etternavn="Bakkejord-Johnsen" sklag-nr="10841" epost="torfinn.johnsen@vkbb.no" fdato="09022003" endeskive="Nei" LS_ovelse="KUR" klasse="ER" klasse-felt="" klasse-skogslop="" kat-mf="0" kat-mb="0" kat-k="0" kat-l="0" kat-a="0" kat-n="0" kat-ft="" kat-22="0" kat-luft="0" gruppe="" />
    <paamelding-skytter lag="10" skive="2" medlemsid="2014645" fornavn="Vegard Mathias Grønås" etternavn="Sollie" sklag-nr="10734" epost="solliegeir@gmail.com" fdato="13022003" endeskive="Nei" LS_ovelse="KUR" klasse="ER" klasse-felt="" klasse-skogslop="" kat-mf="0" kat-mb="0" kat-k="0" kat-l="0" kat-a="0" kat-n="0" kat-ft="" kat-22="0" kat-luft="0" gruppe="" />
    <paamelding-skytter lag="10" skive="3" medlemsid="2253680" fornavn="Birgitte" etternavn="Opgård" sklag-nr="10846" epost="geir.yngve@hotmail.com" fdato="09092003" endeskive="Nei" LS_ovelse="LSA" klasse="ER" klasse-felt="" klasse-skogslop="" kat-mf="0" kat-mb="0" kat-k="1" kat-l="0" kat-a="0" kat-n="0" kat-ft="" kat-22="0" kat-luft="0" gruppe="" />
    <paamelding-skytter lag="10" skive="4" medlemsid="2630416" fornavn="Eirik" etternavn="Kvalfors Frammarsvik" sklag-nr="10506" epost="trygveframmarsvik@yahoo.com" fdato="26122004" endeskive="Nei" LS_ovelse="KUR" klasse="ER" klasse-felt="" klasse-skogslop="" kat-mf="0" kat-mb="0" kat-k="0" kat-l="0" kat-a="0" kat-n="0" kat-ft="" kat-22="1" kat-luft="1" gruppe="" />
    <paamelding-skytter lag="10" skive="5" medlemsid="2133023" fornavn="Miriam Amalie" etternavn="Pedersen" sklag-nr="10853" epost="miriampedersen456@gmail.com" fdato="22102004" endeskive="Nei" LS_ovelse="KUR" klasse="ER" klasse-felt="" klasse-skogslop="" kat-mf="0" kat-mb="0" kat-k="1" kat-l="0" kat-a="0" kat-n="0" kat-ft="" kat-22="0" kat-luft="0" gruppe="" />
    <paamelding-skytter lag="10" skive="6" medlemsid="2047843" fornavn="Tina Mari Husnes" etternavn="Larsen" sklag-nr="10507" epost="frits.h.larsen@hotmail.no" fdato="28052003" endeskive="Nei" LS_ovelse="LSA" klasse="ER" klasse-felt="" klasse-skogslop="" kat-mf="0" kat-mb="0" kat-k="1" kat-l="0" kat-a="0" kat-n="0" kat-ft="" kat-22="0" kat-luft="0" gruppe="" />
    <paamelding-skytter lag="10" skive="7" medlemsid="1672526" fornavn="William Gerhard" etternavn="Poschadel" sklag-nr="10728" epost="mayposch@gmail.com" fdato="14052003" endeskive="Nei" LS_ovelse="KUR" klasse="ER" klasse-felt="" klasse-skogslop="" kat-mf="0" kat-mb="0" kat-k="0" kat-l="0" kat-a="0" kat-n="0" kat-ft="" kat-22="0" kat-luft="0" gruppe="" />
    <paamelding-skytter lag="10" skive="8" medlemsid="2299030" fornavn="Elias Andre" etternavn="Knutsen" sklag-nr="10336" epost="t-an-so@online.no" fdato="16042004" endeskive="Nei" LS_ovelse="LSA" klasse="ER" klasse-felt="" klasse-skogslop="" kat-mf="0" kat-mb="0" kat-k="0" kat-l="0" kat-a="0" kat-n="0" kat-ft="" kat-22="1" kat-luft="1" gruppe="" />
    <paamelding-skytter lag="10" skive="9" medlemsid="2172377" fornavn="Emma - C." etternavn="S. - Holmebukt" sklag-nr="10734" epost="hho40@hotmail.com" fdato="09072003" endeskive="Nei" LS_ovelse="LSA" klasse="ER" klasse-felt="" klasse-skogslop="" kat-mf="0" kat-mb="0" kat-k="1" kat-l="0" kat-a="0" kat-n="0" kat-ft="" kat-22="0" kat-luft="0" gruppe="" />
    <paamelding-skytter lag="10" skive="10" medlemsid="1962331" fornavn="Emil" etternavn="Dalhaug" sklag-nr="10744" epost="erosverr@hotmail.com" fdato="23102003" endeskive="Nei" LS_ovelse="KUR" klasse="ER" klasse-felt="" klasse-skogslop="" kat-mf="0" kat-mb="0" kat-k="0" kat-l="0" kat-a="0" kat-n="0" kat-ft="" kat-22="0" kat-luft="0" gruppe="" />
    <paamelding-skytter lag="10" skive="11" medlemsid="2312148" fornavn="Emil Andreas" etternavn="Henriksen Øvergård" sklag-nr="10749" epost="sigbjorn@overbygd-elektro.no" fdato="15122004" endeskive="Nei" LS_ovelse="KUR" klasse="ER" klasse-felt="" klasse-skogslop="" kat-mf="0" kat-mb="0" kat-k="0" kat-l="0" kat-a="0" kat-n="0" kat-ft="" kat-22="1" kat-luft="1" gruppe="" />
    <paamelding-skytter lag="10" skive="12" medlemsid="2075794" fornavn="Andreas" etternavn="Karolius" sklag-nr="10455" epost="andreas.karolius05@gmail.com" fdato="15072005" endeskive="Nei" LS_ovelse="KUR" klasse="ER" klasse-felt="" klasse-skogslop="" kat-mf="0" kat-mb="0" kat-k="0" kat-l="1" kat-a="0" kat-n="0" kat-ft="" kat-22="0" kat-luft="0" gruppe="" />
    <paamelding-skytter lag="11" skive="1" medlemsid="2529238" fornavn="Ini Sofie" etternavn="Einarsen" sklag-nr="10728" epost="minibaardsen@gmail.com" fdato="16092004" endeskive="Nei" LS_ovelse="LSA" klasse="ER" klasse-felt="" klasse-skogslop="" kat-mf="0" kat-mb="0" kat-k="1" kat-l="0" kat-a="0" kat-n="0" kat-ft="" kat-22="0" kat-luft="0" gruppe="" />
    <paamelding-skytter lag="11" skive="2" medlemsid="2455509" fornavn="Ine Winther" etternavn="Nilssen" sklag-nr="10728" epost="skn@online.no" fdato="24042004" endeskive="Nei" LS_ovelse="LSA" klasse="ER" klasse-felt="" klasse-skogslop="" kat-mf="0" kat-mb="0" kat-k="1" kat-l="0" kat-a="0" kat-n="0" kat-ft="" kat-22="0" kat-luft="0" gruppe="" />
    <paamelding-skytter lag="11" skive="3" medlemsid="2346195" fornavn="Andrè Dalsvåg" etternavn="Søraa" sklag-nr="10808" epost="" fdato="09052003" endeskive="Nei" LS_ovelse="LSA" klasse="ER" klasse-felt="" klasse-skogslop="" kat-mf="0" kat-mb="0" kat-k="0" kat-l="0" kat-a="0" kat-n="0" kat-ft="" kat-22="0" kat-luft="0" gruppe="" />
    <paamelding-skytter lag="11" skive="4" medlemsid="2303899" fornavn="Sondre" etternavn="Nordheim" sklag-nr="10507" epost="maicatrin@gmail.com" fdato="17012003" endeskive="Nei" LS_ovelse="KUR" klasse="ER" klasse-felt="" klasse-skogslop="" kat-mf="0" kat-mb="0" kat-k="0" kat-l="0" kat-a="0" kat-n="0" kat-ft="" kat-22="0" kat-luft="0" gruppe="" />
    <paamelding-skytter lag="11" skive="5" medlemsid="2028736" fornavn="Tobias A." etternavn="Huskebakk" sklag-nr="10506" epost="liv-hu@online.no" fdato="03052004" endeskive="Nei" LS_ovelse="LSA" klasse="ER" klasse-felt="" klasse-skogslop="" kat-mf="0" kat-mb="0" kat-k="0" kat-l="0" kat-a="0" kat-n="0" kat-ft="" kat-22="0" kat-luft="0" gruppe="" />
    <paamelding-skytter lag="11" skive="6" medlemsid="2315224" fornavn="Tobias Ferdinand" etternavn="Rubbås" sklag-nr="10749" epost="Jeamyklevold@hotmail.com" fdato="29022004" endeskive="Nei" LS_ovelse="LSA" klasse="ER" klasse-felt="" klasse-skogslop="" kat-mf="0" kat-mb="0" kat-k="0" kat-l="0" kat-a="0" kat-n="0" kat-ft="" kat-22="0" kat-luft="0" gruppe="" />
    <paamelding-skytter lag="11" skive="7" medlemsid="1730019" fornavn="Trygve" etternavn="Arild-Hanssen" sklag-nr="10733" epost="trygveah@me.com" fdato="03022003" endeskive="Nei" LS_ovelse="KUR" klasse="ER" klasse-felt="" klasse-skogslop="" kat-mf="0" kat-mb="0" kat-k="0" kat-l="0" kat-a="0" kat-n="0" kat-ft="" kat-22="0" kat-luft="0" gruppe="" />
    <paamelding-skytter lag="11" skive="8" medlemsid="1180959" fornavn="Ørjan" etternavn="Solberg Hansen" sklag-nr="10587" epost="" fdato="11122003" endeskive="Nei" LS_ovelse="KUR" klasse="ER" klasse-felt="" klasse-skogslop="" kat-mf="0" kat-mb="0" kat-k="0" kat-l="0" kat-a="0" kat-n="0" kat-ft="" kat-22="0" kat-luft="0" gruppe="" />
    <paamelding-skytter lag="11" skive="9" medlemsid="2140994" fornavn="Tuva" etternavn="Hugås" sklag-nr="10592" epost="erik.hugas@sbnett.no" fdato="01012003" endeskive="Nei" LS_ovelse="LSA" klasse="ER" klasse-felt="" klasse-skogslop="" kat-mf="0" kat-mb="0" kat-k="1" kat-l="0" kat-a="0" kat-n="0" kat-ft="" kat-22="0" kat-luft="0" gruppe="" />
    <paamelding-skytter lag="11" skive="10" medlemsid="2563104" fornavn="Guro" etternavn="Halse" sklag-nr="10507" epost="john.gunnar.halse@rana.kommune.no" fdato="01062004" endeskive="Nei" LS_ovelse="KUR" klasse="ER" klasse-felt="" klasse-skogslop="" kat-mf="0" kat-mb="0" kat-k="1" kat-l="0" kat-a="0" kat-n="0" kat-ft="" kat-22="1" kat-luft="1" gruppe="" />
    <paamelding-skytter lag="11" skive="11" medlemsid="2619948" fornavn="Synnøve Afrodite" etternavn="Gjervik Lossius" sklag-nr="10470" epost="Pioneerjenta@hotmail.com" fdato="29022004" endeskive="Nei" LS_ovelse="KUR" klasse="ER" klasse-felt="" klasse-skogslop="" kat-mf="0" kat-mb="0" kat-k="1" kat-l="0" kat-a="0" kat-n="0" kat-ft="" kat-22="0" kat-luft="0" gruppe="" />
    <paamelding-skytter lag="11" skive="12" medlemsid="1013796" fornavn="Hårik" etternavn="Frydenlund" sklag-nr="10725" epost="balsfjord@skytterlag.no" fdato="28091945" endeskive="Nei" LS_ovelse="KUR" klasse="V73" klasse-felt="" klasse-skogslop="" kat-mf="0" kat-mb="0" kat-k="0" kat-l="0" kat-a="0" kat-n="0" kat-ft="" kat-22="0" kat-luft="0" gruppe="" />
    <paamelding-skytter lag="12" skive="1" medlemsid="1591155" fornavn="Martin" etternavn="Yttervik" sklag-nr="10508" epost="" fdato="11011939" endeskive="Nei" LS_ovelse="KUR" klasse="V73" klasse-felt="" klasse-skogslop="" kat-mf="0" kat-mb="0" kat-k="0" kat-l="0" kat-a="0" kat-n="0" kat-ft="" kat-22="0" kat-luft="0" gruppe="" />
    <paamelding-skytter lag="12" skive="2" medlemsid="1470103" fornavn="Harald" etternavn="Gåre" sklag-nr="10744" epost="haraldgare@hotmail.com" fdato="22021937" endeskive="Nei" LS_ovelse="LSA" klasse="V73" klasse-felt="" klasse-skogslop="" kat-mf="0" kat-mb="0" kat-k="0" kat-l="0" kat-a="0" kat-n="0" kat-ft="" kat-22="0" kat-luft="0" gruppe="" />
    <paamelding-skytter lag="12" skive="3" medlemsid="1005537" fornavn="Baard" etternavn="Forseth" sklag-nr="10754" epost="Baforse@online.no" fdato="30101935" endeskive="Nei" LS_ovelse="KUR" klasse="V73" klasse-felt="" klasse-skogslop="" kat-mf="0" kat-mb="0" kat-k="0" kat-l="0" kat-a="0" kat-n="0" kat-ft="" kat-22="0" kat-luft="0" gruppe="" />
    <paamelding-skytter lag="12" skive="4" medlemsid="1490382" fornavn="Walther" etternavn="Kristiansen" sklag-nr="10809" epost="waltherkristiansen@yahoo.no" fdato="12081940" endeskive="Nei" LS_ovelse="LSA" klasse="V73" klasse-felt="" klasse-skogslop="" kat-mf="0" kat-mb="0" kat-k="0" kat-l="0" kat-a="0" kat-n="0" kat-ft="" kat-22="0" kat-luft="0" gruppe="" />
    <paamelding-skytter lag="12" skive="5" medlemsid="1271808" fornavn="Hans Olai H" etternavn="Mikalsen" sklag-nr="10461" epost="han-mik@online.no" fdato="13041939" endeskive="Nei" LS_ovelse="LSA" klasse="V73" klasse-felt="" klasse-skogslop="" kat-mf="0" kat-mb="0" kat-k="0" kat-l="0" kat-a="0" kat-n="0" kat-ft="" kat-22="0" kat-luft="0" gruppe="" />
    <paamelding-skytter lag="12" skive="6" medlemsid="1652536" fornavn="Magne" etternavn="Drægni" sklag-nr="10584" epost="ma-draeg@online.no" fdato="10051943" endeskive="Nei" LS_ovelse="KUR" klasse="V73" klasse-felt="" klasse-skogslop="" kat-mf="0" kat-mb="0" kat-k="0" kat-l="0" kat-a="0" kat-n="0" kat-ft="" kat-22="0" kat-luft="0" gruppe="" />
    <paamelding-skytter lag="12" skive="7" medlemsid="1652692" fornavn="Lars Håkon" etternavn="Nystad" sklag-nr="10584" epost="lnyst@online.no" fdato="28081931" endeskive="Nei" LS_ovelse="KUR" klasse="V73" klasse-felt="" klasse-skogslop="" kat-mf="0" kat-mb="0" kat-k="0" kat-l="0" kat-a="0" kat-n="0" kat-ft="" kat-22="0" kat-luft="0" gruppe="" />
    <paamelding-skytter lag="12" skive="8" medlemsid="1652676" fornavn="Hans Kristian" etternavn="Øvermark" sklag-nr="10584" epost="overmark@online.no" fdato="31051939" endeskive="Nei" LS_ovelse="KUR" klasse="V73" klasse-felt="" klasse-skogslop="" kat-mf="0" kat-mb="0" kat-k="0" kat-l="0" kat-a="0" kat-n="0" kat-ft="" kat-22="0" kat-luft="0" gruppe="" />
    <paamelding-skytter lag="12" skive="9" medlemsid="185207" fornavn="Magnus" etternavn="Aagaard-Nilsen" sklag-nr="10338" epost="ma@lofotkraft.net" fdato="27121940" endeskive="Nei" LS_ovelse="KUR" klasse="V73" klasse-felt="" klasse-skogslop="" kat-mf="0" kat-mb="0" kat-k="0" kat-l="0" kat-a="0" kat-n="0" kat-ft="" kat-22="0" kat-luft="0" gruppe="" />
    <paamelding-skytter lag="12" skive="10" medlemsid="1652577" fornavn="Terje" etternavn="Nesje" sklag-nr="10584" epost="" fdato="25031940" endeskive="Nei" LS_ovelse="KUR" klasse="V73" klasse-felt="" klasse-skogslop="" kat-mf="0" kat-mb="0" kat-k="0" kat-l="0" kat-a="0" kat-n="0" kat-ft="" kat-22="0" kat-luft="0" gruppe="" />
    <paamelding-skytter lag="12" skive="11" medlemsid="367318" fornavn="Herulf" etternavn="Berntsen" sklag-nr="10733" epost="herdisberntsen@hotmail.com" fdato="21091935" endeskive="Nei" LS_ovelse="KUR" klasse="V73" klasse-felt="" klasse-skogslop="" kat-mf="0" kat-mb="0" kat-k="0" kat-l="0" kat-a="0" kat-n="0" kat-ft="" kat-22="0" kat-luft="0" gruppe="" />
    <paamelding-skytter lag="12" skive="12" medlemsid="1470640" fornavn="Nils Kåre" etternavn="Sørensen" sklag-nr="10744" epost="" fdato="14111943" endeskive="Nei" LS_ovelse="LSA" klasse="V73" klasse-felt="" klasse-skogslop="" kat-mf="0" kat-mb="0" kat-k="0" kat-l="1" kat-a="0" kat-n="0" kat-ft="" kat-22="0" kat-luft="0" gruppe="" />
    <paamelding-skytter lag="13" skive="1" medlemsid="1436369" fornavn="Terje" etternavn="Dalen" sklag-nr="10804" epost="" fdato="08061938" endeskive="Nei" LS_ovelse="KUR" klasse="V73" klasse-felt="" klasse-skogslop="" kat-mf="0" kat-mb="0" kat-k="0" kat-l="0" kat-a="0" kat-n="0" kat-ft="" kat-22="0" kat-luft="0" gruppe="" />
    <paamelding-skytter lag="13" skive="2" medlemsid="1368505" fornavn="Per" etternavn="Ernstsen" sklag-nr="10591" epost="" fdato="20011932" endeskive="Nei" LS_ovelse="KUR" klasse="V73" klasse-felt="" klasse-skogslop="" kat-mf="0" kat-mb="0" kat-k="0" kat-l="0" kat-a="0" kat-n="0" kat-ft="" kat-22="0" kat-luft="0" gruppe="" />
    <paamelding-skytter lag="13" skive="3" medlemsid="1652544" fornavn="Henning" etternavn="Ivarrud" sklag-nr="10584" epost="hivarrud@online.no" fdato="02081944" endeskive="Nei" LS_ovelse="KUR" klasse="V73" klasse-felt="" klasse-skogslop="" kat-mf="0" kat-mb="0" kat-k="0" kat-l="0" kat-a="0" kat-n="0" kat-ft="" kat-22="0" kat-luft="0" gruppe="" />
    <paamelding-skytter lag="13" skive="4" medlemsid="1689884" fornavn="Terje" etternavn="Håkonsen" sklag-nr="10583" epost="hakonsenterje@gmail.com" fdato="11031937" endeskive="Nei" LS_ovelse="KUR" klasse="V73" klasse-felt="" klasse-skogslop="" kat-mf="0" kat-mb="0" kat-k="0" kat-l="0" kat-a="0" kat-n="0" kat-ft="" kat-22="0" kat-luft="0" gruppe="" />
    <paamelding-skytter lag="13" skive="5" medlemsid="1612696" fornavn="Eilif" etternavn="Andersen" sklag-nr="10844" epost="eilifandersen@outlook.com" fdato="12101944" endeskive="Nei" LS_ovelse="LSA" klasse="V73" klasse-felt="" klasse-skogslop="" kat-mf="0" kat-mb="0" kat-k="0" kat-l="0" kat-a="0" kat-n="0" kat-ft="" kat-22="0" kat-luft="0" gruppe="" />
    <paamelding-skytter lag="13" skive="6" medlemsid="1491786" fornavn="Einar" etternavn="Sollie" sklag-nr="10734" epost="einar_sollie@hotmail.com" fdato="03121941" endeskive="Nei" LS_ovelse="KUR" klasse="V73" klasse-felt="" klasse-skogslop="" kat-mf="0" kat-mb="0" kat-k="0" kat-l="0" kat-a="0" kat-n="0" kat-ft="" kat-22="0" kat-luft="0" gruppe="" />
    <paamelding-skytter lag="13" skive="7" medlemsid="1652650" fornavn="Alf" etternavn="Tobiassen" sklag-nr="10584" epost="alftob@online.no" fdato="06041937" endeskive="Nei" LS_ovelse="KUR" klasse="V73" klasse-felt="" klasse-skogslop="" kat-mf="0" kat-mb="0" kat-k="0" kat-l="0" kat-a="0" kat-n="0" kat-ft="" kat-22="0" kat-luft="0" gruppe="" />
    <paamelding-skytter lag="13" skive="8" medlemsid="161034" fornavn="Ole Jakob" etternavn="Olsen" sklag-nr="10747" epost="o-j-olse@online.no" fdato="28011941" endeskive="Nei" LS_ovelse="KUR" klasse="V73" klasse-felt="" klasse-skogslop="" kat-mf="0" kat-mb="0" kat-k="0" kat-l="0" kat-a="0" kat-n="0" kat-ft="" kat-22="0" kat-luft="0" gruppe="" />
    <paamelding-skytter lag="13" skive="9" medlemsid="367334" fornavn="Johannes" etternavn="Fagerheim" sklag-nr="10733" epost="johsfag@gmail.com" fdato="21071938" endeskive="Nei" LS_ovelse="LSA" klasse="V73" klasse-felt="" klasse-skogslop="" kat-mf="0" kat-mb="0" kat-k="0" kat-l="0" kat-a="0" kat-n="0" kat-ft="" kat-22="0" kat-luft="0" gruppe="" />
    <paamelding-skytter lag="13" skive="10" medlemsid="1098011" fornavn="Torbjørn" etternavn="Fagervik" sklag-nr="10502" epost="t-fagerv@online.no" fdato="29031943" endeskive="Nei" LS_ovelse="LSA" klasse="V73" klasse-felt="" klasse-skogslop="" kat-mf="0" kat-mb="0" kat-k="0" kat-l="0" kat-a="0" kat-n="0" kat-ft="" kat-22="0" kat-luft="0" gruppe="" />
    <paamelding-skytter lag="13" skive="11" medlemsid="545574" fornavn="Torbjørn" etternavn="Kristiansen" sklag-nr="10455" epost="torbjk2@online.no" fdato="22091941" endeskive="Nei" LS_ovelse="KUR" klasse="V73" klasse-felt="" klasse-skogslop="" kat-mf="0" kat-mb="0" kat-k="0" kat-l="0" kat-a="0" kat-n="0" kat-ft="" kat-22="0" kat-luft="0" gruppe="" />
    <paamelding-skytter lag="13" skive="12" medlemsid="1469923" fornavn="Arthur" etternavn="Nyland" sklag-nr="10744" epost="a-j-nyl@online.no" fdato="16081934" endeskive="Nei" LS_ovelse="LSA" klasse="V73" klasse-felt="" klasse-skogslop="" kat-mf="0" kat-mb="0" kat-k="0" kat-l="1" kat-a="0" kat-n="0" kat-ft="" kat-22="0" kat-luft="0" gruppe="" />
    <paamelding-skytter lag="14" skive="1" medlemsid="1483023" fornavn="Torgeir" etternavn="Olsen" sklag-nr="10459" epost="asheo@online.no" fdato="20071940" endeskive="Nei" LS_ovelse="KUR" klasse="V73" klasse-felt="" klasse-skogslop="" kat-mf="0" kat-mb="0" kat-k="0" kat-l="0" kat-a="0" kat-n="0" kat-ft="" kat-22="0" kat-luft="0" gruppe="" />
    <paamelding-skytter lag="14" skive="2" medlemsid="837427" fornavn="Tor Robert" etternavn="Johansen" sklag-nr="10600" epost="tor-j4@online.no" fdato="08091943" endeskive="Nei" LS_ovelse="KUR" klasse="V73" klasse-felt="" klasse-skogslop="" kat-mf="0" kat-mb="0" kat-k="0" kat-l="0" kat-a="0" kat-n="0" kat-ft="" kat-22="0" kat-luft="0" gruppe="" />
    <paamelding-skytter lag="14" skive="3" medlemsid="676015" fornavn="Arvid" etternavn="Brandser" sklag-nr="10729" epost="" fdato="08061935" endeskive="Nei" LS_ovelse="LSA" klasse="V73" klasse-felt="" klasse-skogslop="" kat-mf="0" kat-mb="0" kat-k="0" kat-l="0" kat-a="0" kat-n="0" kat-ft="" kat-22="0" kat-luft="0" gruppe="" />
    <paamelding-skytter lag="14" skive="4" medlemsid="374579" fornavn="Trond" etternavn="Brennhaug" sklag-nr="10811" epost="tvbrenn@gmail.com" fdato="27081939" endeskive="Nei" LS_ovelse="LSA" klasse="V73" klasse-felt="" klasse-skogslop="" kat-mf="0" kat-mb="0" kat-k="0" kat-l="0" kat-a="0" kat-n="0" kat-ft="" kat-22="0" kat-luft="0" gruppe="" />
    <paamelding-skytter lag="14" skive="5" medlemsid="1271824" fornavn="Erling" etternavn="Thoresen" sklag-nr="10461" epost="erl-ttho@online.no" fdato="08051937" endeskive="Nei" LS_ovelse="LSA" klasse="V73" klasse-felt="" klasse-skogslop="" kat-mf="0" kat-mb="0" kat-k="0" kat-l="0" kat-a="0" kat-n="0" kat-ft="" kat-22="0" kat-luft="0" gruppe="" />
    <paamelding-skytter lag="14" skive="6" medlemsid="894121" fornavn="Asbjørn" etternavn="Andersen" sklag-nr="10843" epost="haug19@hotmail.com" fdato="23011938" endeskive="Nei" LS_ovelse="KUR" klasse="V73" klasse-felt="" klasse-skogslop="" kat-mf="0" kat-mb="0" kat-k="0" kat-l="0" kat-a="0" kat-n="0" kat-ft="" kat-22="0" kat-luft="0" gruppe="" />
    <paamelding-skytter lag="14" skive="7" medlemsid="374629" fornavn="Steinar" etternavn="Nilsen" sklag-nr="10811" epost="steinar.nilsen@gmail.com" fdato="04081939" endeskive="Nei" LS_ovelse="LSA" klasse="V73" klasse-felt="" klasse-skogslop="" kat-mf="0" kat-mb="0" kat-k="0" kat-l="0" kat-a="0" kat-n="0" kat-ft="" kat-22="0" kat-luft="0" gruppe="" />
    <paamelding-skytter lag="14" skive="8" medlemsid="1179944" fornavn="Sten" etternavn="Fure" sklag-nr="10587" epost="skj-f@online.no" fdato="07011936" endeskive="Nei" LS_ovelse="KUR" klasse="V73" klasse-felt="" klasse-skogslop="" kat-mf="0" kat-mb="0" kat-k="0" kat-l="0" kat-a="0" kat-n="0" kat-ft="" kat-22="0" kat-luft="0" gruppe="" />
    <paamelding-skytter lag="14" skive="9" medlemsid="300285" fornavn="Gudmund" etternavn="Røsdal" sklag-nr="10808" epost="gudmro@online.no" fdato="11081943" endeskive="Nei" LS_ovelse="LSA" klasse="V73" klasse-felt="" klasse-skogslop="" kat-mf="0" kat-mb="1" kat-k="0" kat-l="0" kat-a="0" kat-n="0" kat-ft="" kat-22="0" kat-luft="0" gruppe="" />
    <paamelding-skytter lag="14" skive="10" medlemsid="299149" fornavn="Gunnbjørn" etternavn="Fagervik" sklag-nr="10808" epost="gunnb-fa@online.no" fdato="02011945" endeskive="Nei" LS_ovelse="LSA" klasse="V73" klasse-felt="" klasse-skogslop="" kat-mf="1" kat-mb="1" kat-k="0" kat-l="0" kat-a="0" kat-n="0" kat-ft="" kat-22="0" kat-luft="0" gruppe="" />
    <paamelding-skytter lag="14" skive="11" medlemsid="1179969" fornavn="Jørgen" etternavn="Albriktsen" sklag-nr="10587" epost="jorgen.albriktsen@gmail.com" fdato="01041939" endeskive="Nei" LS_ovelse="KUR" klasse="V73" klasse-felt="" klasse-skogslop="" kat-mf="0" kat-mb="0" kat-k="0" kat-l="0" kat-a="0" kat-n="0" kat-ft="" kat-22="0" kat-luft="0" gruppe="" />
    <paamelding-skytter lag="14" skive="12" medlemsid="1271832" fornavn="Kåre" etternavn="Garnes" sklag-nr="10461" epost="garneskj@yahoo.no" fdato="13041940" endeskive="Nei" LS_ovelse="LSA" klasse="V73" klasse-felt="" klasse-skogslop="" kat-mf="0" kat-mb="0" kat-k="0" kat-l="0" kat-a="0" kat-n="0" kat-ft="" kat-22="0" kat-luft="0" gruppe="" />
    <paamelding-skytter lag="15" skive="1" medlemsid="1442797" fornavn="Lars" etternavn="Bakkejord-Johnsen" sklag-nr="10841" epost="torfinn.johnsen@vkbb.no" fdato="18042000" endeskive="Nei" LS_ovelse="LSA" klasse="EJ" klasse-felt="" klasse-skogslop="" kat-mf="0" kat-mb="1" kat-k="0" kat-l="0" kat-a="0" kat-n="0" kat-ft="" kat-22="0" kat-luft="0" gruppe="" />
    <paamelding-skytter lag="15" skive="2" medlemsid="1755131" fornavn="Lars Emil" etternavn="Hoff" sklag-nr="10462" epost="lars00@online.no" fdato="16052000" endeskive="Nei" LS_ovelse="KUR" klasse="EJ" klasse-felt="" klasse-skogslop="" kat-mf="0" kat-mb="0" kat-k="0" kat-l="0" kat-a="0" kat-n="0" kat-ft="" kat-22="0" kat-luft="0" gruppe="" />
    <paamelding-skytter lag="15" skive="3" medlemsid="1418748" fornavn="Terje Andreas" etternavn="Solås" sklag-nr="10462" epost="" fdato="28032000" endeskive="Nei" LS_ovelse="KUR" klasse="EJ" klasse-felt="" klasse-skogslop="" kat-mf="0" kat-mb="0" kat-k="0" kat-l="0" kat-a="0" kat-n="0" kat-ft="" kat-22="0" kat-luft="0" gruppe="" />
    <paamelding-skytter lag="15" skive="4" medlemsid="1654565" fornavn="Vegard" etternavn="Ysland" sklag-nr="10584" epost="vegard.ysland@gmail.com" fdato="25062000" endeskive="Nei" LS_ovelse="KUR" klasse="EJ" klasse-felt="" klasse-skogslop="" kat-mf="0" kat-mb="0" kat-k="0" kat-l="0" kat-a="0" kat-n="0" kat-ft="" kat-22="0" kat-luft="0" gruppe="" />
    <paamelding-skytter lag="15" skive="5" medlemsid="1762673" fornavn="Jesper" etternavn="Mohaug" sklag-nr="10597" epost="r.mohaug@hotmail.com" fdato="04042000" endeskive="Nei" LS_ovelse="KUR" klasse="EJ" klasse-felt="" klasse-skogslop="" kat-mf="0" kat-mb="0" kat-k="0" kat-l="0" kat-a="0" kat-n="0" kat-ft="" kat-22="0" kat-luft="0" gruppe="" />
    <paamelding-skytter lag="16" skive="1" medlemsid="550285" fornavn="Karin Rognmo" etternavn="Mellem" sklag-nr="10455" epost="post@skriverier.no" fdato="29051964" endeskive="Nei" LS_ovelse="KUR" klasse="NV" klasse-felt="" klasse-skogslop="" kat-mf="0" kat-mb="0" kat-k="1" kat-l="0" kat-a="0" kat-n="0" kat-ft="" kat-22="1" kat-luft="1" gruppe="" />
    <paamelding-skytter lag="16" skive="2" medlemsid="2536167" fornavn="Mathias" etternavn="Brandtzæg" sklag-nr="10596" epost="eg2brand@me.com" fdato="16092001" endeskive="Nei" LS_ovelse="KUR" klasse="NV" klasse-felt="" klasse-skogslop="" kat-mf="0" kat-mb="0" kat-k="0" kat-l="0" kat-a="0" kat-n="0" kat-ft="" kat-22="1" kat-luft="1" gruppe="" />
    <paamelding-skytter lag="16" skive="3" medlemsid="2583136" fornavn="Ida" etternavn="Kosmo" sklag-nr="10592" epost="idamkos@live.no" fdato="27071996" endeskive="Nei" LS_ovelse="KUR" klasse="NV" klasse-felt="" klasse-skogslop="" kat-mf="0" kat-mb="0" kat-k="1" kat-l="0" kat-a="0" kat-n="0" kat-ft="" kat-22="0" kat-luft="0" gruppe="" />
    <paamelding-skytter lag="16" skive="4" medlemsid="2385268" fornavn="Pia" etternavn="Kosmo" sklag-nr="10592" epost="pb-kosmo@online.no" fdato="13041974" endeskive="Nei" LS_ovelse="LSA" klasse="NV" klasse-felt="" klasse-skogslop="" kat-mf="0" kat-mb="0" kat-k="1" kat-l="0" kat-a="0" kat-n="0" kat-ft="" kat-22="0" kat-luft="0" gruppe="" />
    <paamelding-skytter lag="16" skive="5" medlemsid="2510154" fornavn="Kim Andre" etternavn="Kellner" sklag-nr="10584" epost="kimkellner87@gmail.com" fdato="29031987" endeskive="Nei" LS_ovelse="KUR" klasse="NV" klasse-felt="" klasse-skogslop="" kat-mf="0" kat-mb="0" kat-k="0" kat-l="0" kat-a="0" kat-n="0" kat-ft="" kat-22="0" kat-luft="0" gruppe="" />
    <paamelding-skytter lag="16" skive="6" medlemsid="1955699" fornavn="Tor-Eirik" etternavn="Mortensen" sklag-nr="10840" epost="toeirik@gmail.com" fdato="11041970" endeskive="Nei" LS_ovelse="LSA" klasse="NV" klasse-felt="" klasse-skogslop="" kat-mf="0" kat-mb="0" kat-k="0" kat-l="0" kat-a="0" kat-n="0" kat-ft="" kat-22="0" kat-luft="0" gruppe="" />
    <paamelding-skytter lag="16" skive="7" medlemsid="2619922" fornavn="Trine Kristin Gjervik" etternavn="Lossius" sklag-nr="10470" epost="pioneerjenta@hotmail.com" fdato="30081984" endeskive="Nei" LS_ovelse="KUR" klasse="NV" klasse-felt="" klasse-skogslop="" kat-mf="0" kat-mb="0" kat-k="1" kat-l="0" kat-a="0" kat-n="0" kat-ft="" kat-22="0" kat-luft="0" gruppe="" />
    <paamelding-skytter lag="16" skive="8" medlemsid="2611135" fornavn="Stine Helen Overgaard" etternavn="Solheim" sklag-nr="10470" epost="stine.overgaard@hotmail.com" fdato="09021992" endeskive="Nei" LS_ovelse="KUR" klasse="NV" klasse-felt="" klasse-skogslop="" kat-mf="0" kat-mb="0" kat-k="1" kat-l="0" kat-a="0" kat-n="0" kat-ft="" kat-22="1" kat-luft="1" gruppe="" />
    <paamelding-skytter lag="16" skive="9" medlemsid="550210" fornavn="Bård" etternavn="Karolius" sklag-nr="10455" epost="bard.karolius@gmail.com" fdato="14061964" endeskive="Nei" LS_ovelse="KUR" klasse="NV" klasse-felt="" klasse-skogslop="" kat-mf="0" kat-mb="0" kat-k="0" kat-l="0" kat-a="0" kat-n="0" kat-ft="" kat-22="0" kat-luft="0" gruppe="" />
    <paamelding-skytter lag="16" skive="10" medlemsid="2524874" fornavn="Marita Charlotte" etternavn="Johnsen" sklag-nr="10841" epost="t-and-he@online.no" fdato="28032016" endeskive="Nei" LS_ovelse="LSA" klasse="NV" klasse-felt="" klasse-skogslop="" kat-mf="0" kat-mb="0" kat-k="1" kat-l="1" kat-a="0" kat-n="0" kat-ft="" kat-22="1" kat-luft="1" gruppe="" />
  </ovelse>
</paamelding>